연번,도,고을,하위고을,본읍구분,호,구,번상군,유방군,수군,군정수
13,경기,광주목,,,1436,3110,122,0,263,385
14,경기,양주도호부,,,1481,2726,133,0,132,265
15,경기,수원도호부,,,1842,4926,197,0,405,602
16,경기,철원도호부,,,351,770,62,0,0,62
17,경기,부평도호부,,,429,954,20,0,128,148
18,충청도,충주목,,,1871,7452,440,0,465,905
19,충청도,청주목,,,1589,6738,230,203,475,908
20,충청도,공주목,,,2167,10049,78,203,699,980
21,충청도,홍주목,,,1379,6031,57,178,400,635
22,경상도,경주부,,본부,2332,9289,66,209,941,1216
27,경상도,안동대도호부,,본부,1887,7667,113,241,506,860
36,경상도,상주목,,본주,2521,6275,134,131,540,805
44,경상도,진주목,,본주,2220,7522,174,188,975,1337
48,전라도,전주부,,,1565,5829,77,178,826,1081
49,전라도,나주목,,,1089,4026,59,155,670,884
50,전라도,남원도호부,,,1300,4912,117,86,0,203
51,전라도,장흥도호부,,,276,1041,21,22,187,230
52,전라도,제주목,,,5207,8324,0,2066,0,2066
53,황해도,황주목,,,2034,5291,273,101,262,636
54,황해도,해주목,,,1926,6814,63,390,450,903
55,황해도,연안도호부,,,1583,3718,65,131,242,438
56,황해도,풍천군,,,339,992,0,74,40,114
57,강원도,강릉대도호부,,본부,1354,4539,165,0,250,415
60,강원도,원주목,,본주,1311,3513,284,0,82,366
62,강원도,회양도호부,,본부,411,1078,0,0,10,10
68,강원도,삼척도호부,,,581,2613,63,21,21,105
69,강원도,춘천도호부,,본부,1227,2201,298,0,134,432
71,강원도,간성군,,본군,332,567,72,11,140,223
73,평안도,평양부,,,8125,14440,736,3096,437,4269
74,평안도,안주목,,,2690,8567,150,538,194,882
75,평안도,의주목,,,531,1498,0,357,0,357
76,평안도,삭주도호부,,,222,394,0,233,20,253
77,평안도,강계도호부,,,604,4248,0,466,0,466
78,함길도,함흥부,,,3538,8913,0,736,150,886
79,함길도,영흥대도호부,,,2191,8524,0,704,121,825
80,함길도,안변도호부,,,1030,3997,0,308,150,458
81,함길도,길주목,,,1673,14819,0,557,0,557
82,함길도,경원도호부,,,1162,5271,0,762,0,762
83,함길도,회령도호부,,,624,2157,0,720,0,720
84,함길도,종성도호부,,,900,21815,0,736,0,736
85,함길도,온성도호부,,,800,3637,0,711,0,711
86,함길도,경흥도호부,,,402,5058,0,312,90,402
87,함길도,부녕도호부,,,262,2294,0,686,0,686
88,함길도,삼수군,,,113,348,0,113,0,113
89,경기,광주목,여흥도호부,,538,1144,75,0,121,196
90,경기,광주목,양근군,,388,1686,25,0,79,104
91,경기,광주목,음죽현,,390,1088,81,0,58,139
92,경기,광주목,이천현,,1026,3898,80,0,119,199
93,경기,광주목,과천현,,244,743,21,0,70,91
94,경기,광주목,천녕현,,413,1234,69,0,42,111
95,경기,광주목,지평현,,267,515,13,0,58,71
96,경기,광주목,금천현,,327,937,5,0,73,78
97,경기,양주도호부,원평도호부,,494,1316,17,0,26,43
98,경기,양주도호부,고양현,,679,1314,65,0,20,85
99,경기,양주도호부,교하현,,590,1629,64,0,43,107
100,경기,양주도호부,임진현,,274,613,2,0,16,18
101,경기,양주도호부,적성현,,212,380,21,0,14,35
102,경기,양주도호부,포천현,,371,1222,60,0,50,110
103,경기,양주도호부,가평현,,288,987,96,0,43,139
104,경기,수원도호부,남양도호부,,487,778,2,0,145,147
105,경기,수원도호부,안산군,,302,588,1,0,115,116
106,경기,수원도호부,안성군,,424,1763,92,0,129,221
107,경기,수원도호부,진위현,,221,535,10,0,51,61
108,경기,수원도호부,용인현,,457,1168,66,0,76,142
109,경기,수원도호부,양성현,,425,1210,76,0,68,144
110,경기,수원도호부,양지현,,346,609,37,0,68,105
111,경기,철원도호부,삭녕군,,233,722,61,0,37,98
112,경기,철원도호부,영평현,,138,419,33,0,37,70
113,경기,철원도호부,장단현,,170,467,4,0,11,15
114,경기,철원도호부,안협현,,140,410,8,0,10,18
115,경기,철원도호부,임강현,,364,878,33,0,35,68
116,경기,철원도호부,마전현,,146,484,13,0,26,39
117,경기,철원도호부,연천현,,186,360,23,0,21,44
118,경기,부평도호부,강화도호부,,2445,3283,2,0,474,476
119,경기,부평도호부,인천군,,357,1412,1,0,172,173
120,경기,부평도호부,해풍군,,792,1381,9,0,94,103
121,경기,부평도호부,김포현,,318,651,2,0,59,61
122,경기,부평도호부,양천현,,222,509,0,0,31,31
123,경기,부평도호부,교동현,,221,562,6,0,444,450
124,경기,부평도호부,통진현,,458,971,6,0,110,116
125,충청도,충주목,단양군,,235,724,26,0,26,52
126,충청도,충주목,청풍군,,191,656,26,0,21,47
127,충청도,충주목,괴산군,,445,1303,66,0,137,203
128,충청도,충주목,음성현,,171,726,33,0,46,79
129,충청도,충주목,연풍현,,143,341,20,0,13,33
130,충청도,충주목,제천현,,415,1235,93,0,70,163
131,충청도,충주목,영춘현,,195,582,27,0,15,42
132,충청도,청주목,천안군,,506,2385,14,6,203,223
133,충청도,청주목,옥천군,,558,1834,88,10,87,185
134,충청도,청주목,문의현,,353,1871,18,174,26,218
135,충청도,청주목,목천현,,404,2186,8,3,191,202
136,충청도,청주목,죽산현,,470,2118,28,0,135,163
137,충청도,청주목,청안현,,293,1419,90,50,48,188
138,충청도,청주목,전의현,,166,572,2,0,92,94
139,충청도,청주목,연기현,,348,1446,8,10,156,174
140,충청도,청주목,직산현,,553,2111,40,0,254,294
141,충청도,청주목,평택현,,179,704,8,3,78,89
142,충청도,청주목,온수현,,343,1516,21,0,96,117
143,충청도,청주목,신창현,,338,1555,12,28,63,103
144,충청도,청주목,아산현,,482,1822,17,55,250,322
145,충청도,청주목,영동현,,227,951,45,13,85,143
146,충청도,청주목,황간현,,308,742,29,4,91,124
147,충청도,청주목,회인현,,146,633,12,18,37,67
148,충청도,청주목,보은현,,327,1457,64,1,136,201
149,충청도,청주목,청산현,,235,607,25,6,69,100
150,충청도,청주목,진천현,,550,1923,58,10,213,281
151,충청도,공주목,임천군,,460,1671,13,2,287,302
152,충청도,공주목,한산군,,342,1607,6,5,206,217
153,충청도,공주목,서천군,,421,1876,9,224,0,233
154,충청도,공주목,남포현,,180,949,2,17,61,80
155,충청도,공주목,비인현,,166,651,4,28,57,89
156,충청도,공주목,정산현,,258,1113,13,5,124,142
157,충청도,공주목,홍산현,,348,1971,16,16,174,206
158,충청도,공주목,은진현,,506,1717,22,52,258,332
159,충청도,공주목,연산현,,378,1487,9,2,162,173
160,충청도,공주목,회덕현,,300,1266,7,4,149,160
161,충청도,공주목,석성현,,395,1208,11,23,150,184
162,충청도,공주목,진잠현,,153,583,1,2,92,95
163,충청도,공주목,부여현,,382,1337,17,29,228,274
164,충청도,공주목,이산현,,384,1591,28,19,190,237
165,충청도,홍주목,태안군,,173,547,0,22,13,35
166,충청도,홍주목,서산군,,489,1887,12,53,209,274
167,충청도,홍주목,면천군,,405,3155,11,28,195,234
168,충청도,홍주목,해미현,,258,855,5,3,79,87
169,충청도,홍주목,당진현,,284,1489,2,8,120,130
170,충청도,홍주목,덕산현,,649,3214,20,230,87,337
171,충청도,홍주목,예산현,,321,1477,18,27,156,201
172,충청도,홍주목,청양현,,265,1021,13,37,0,50
173,충청도,홍주목,보령현,,365,1213,12,100,0,112
174,충청도,홍주목,결성현,,304,1698,7,14,84,105
175,충청도,홍주목,대흥현,,388,1518,11,89,100,200
176,경상도,경주부,밀양도호부,본부,1999,6785,120,233,542,895
179,경상도,경주부,양산군,,425,937,15,43,131,189
180,경상도,경주부,울산군,,1058,4161,16,116,368,500
181,경상도,경주부,청도군,,649,3361,33,87,255,375
182,경상도,경주부,흥해군,,423,1885,10,27,165,202
183,경상도,경주부,대구군,본군,1249,4425,51,105,454,610
187,경상도,경주부,경산현,,318,1337,20,34,200,254
188,경상도,경주부,동래현,본현,398,1493,11,71,130,212
190,경상도,경주부,창녕현,,825,4352,45,79,342,466
191,경상도,경주부,언양현,,421,1458,7,44,156,207
192,경상도,경주부,기장현,,174,397,2,3,49,54
193,경상도,경주부,장기현,,203,813,4,1,34,39
194,경상도,경주부,영산현,본현,471,2106,37,50,192,279
196,경상도,경주부,현풍현,,477,1871,35,53,232,320
197,경상도,경주부,영일현,,417,1742,8,40,130,178
198,경상도,경주부,청하현,,235,724,2,0,46,48
199,경상도,안동대도호부,영해도호부,본부,284,2243,6,62,126,194
202,경상도,안동대도호부,순흥도호부,,284,1679,36,30,81,147
203,경상도,안동대도호부,예천군,본군,1092,5227,73,95,256,424
205,경상도,안동대도호부,영천군,,377,3087,45,64,130,239
206,경상도,안동대도호부,영천군,,863,3672,29,90,336,455
207,경상도,안동대도호부,청송군,청부,134,815,4,22,49,75
210,경상도,안동대도호부,의성현,,637,1955,45,68,248,361
211,경상도,안동대도호부,영덕현,,286,1110,5,5,83,93
212,경상도,안동대도호부,예안현,,174,749,18,39,58,115
213,경상도,안동대도호부,하양현,,177,1087,6,22,160,188
214,경상도,안동대도호부,기천현,본현,872,3204,15,24,71,110
218,경상도,안동대도호부,봉화현,,243,473,18,29,59,106
219,경상도,안동대도호부,의흥현,본현,894,2933,18,31,128,177
223,경상도,안동대도호부,진보현,,78,526,11,11,25,47
224,경상도,안동대도호부,비안현,비옥,463,1972,28,49,140,217
226,경상도,상주목,성주목,본주,2446,9573,197,191,768,1156
230,경상도,상주목,선산도호부,본부,1005,5607,165,65,285,515
232,경상도,상주목,합천군,본군,701,2361,36,38,236,310
234,경상도,상주목,초계군,,463,2537,27,36,280,343
235,경상도,상주목,금산군,,533,3064,72,29,179,280
236,경상도,상주목,고령현,,287,1722,27,11,218,256
237,경상도,상주목,개녕현,,531,2359,65,14,146,225
238,경상도,상주목,함창현,,368,2140,67,26,154,247
239,경상도,상주목,용궁현,,396,2125,42,41,116,199
240,경상도,상주목,문경현,본현,366,1785,50,25,53,128
242,경상도,상주목,군위현,본현,390,1052,19,37,88,144
244,경상도,상주목,지례현,,230,1200,30,20,80,130
245,경상도,진주목,김해도호부,본부,1390,8039,47,120,840,1007
248,경상도,진주목,창원도호부,,1094,4955,52,119,689,860
249,경상도,진주목,함안군,,732,3266,64,76,370,510
250,경상도,진주목,함양군,,428,1948,38,28,188,254
251,경상도,진주목,곤남군,,271,1300,11,9,136,156
252,경상도,진주목,고성현,,531,2885,30,90,327,447
253,경상도,진주목,거제현,,153,423,0,103,0,103
254,경상도,진주목,사천현,,370,1817,23,17,228,268
255,경상도,진주목,거창현,,505,1640,47,39,268,354
256,경상도,진주목,하동현,,346,1108,15,11,158,184
257,경상도,진주목,진성현,본현,373,1368,25,29,162,216
259,경상도,진주목,칠원현,본현,441,1631,30,28,225,283
261,경상도,진주목,산음현,,257,1138,18,14,188,220
262,경상도,진주목,안음현,,481,793,35,34,188,257
263,경상도,진주목,삼가현,,307,2027,27,40,181,248
264,경상도,진주목,의령현,본현,1059,2611,50,70,327,447
266,경상도,진주목,진해현,,202,953,6,2,107,115
267,전라도,전주부,진산군,,114,514,34,0,17,51
268,전라도,전주부,금산군,,452,1890,14,57,159,230
269,전라도,전주부,익산군,,319,1623,21,44,295,360
270,전라도,전주부,고부군,,357,1592,16,36,284,336
271,전라도,전주부,김제군,,409,2065,23,48,353,424
272,전라도,전주부,금구현,,262,1207,25,40,184,249
273,전라도,전주부,만경현,,172,727,7,26,160,193
274,전라도,전주부,임피현,,396,1949,10,49,447,506
275,전라도,전주부,옥구현,,257,1194,9,36,213,258
276,전라도,전주부,함열현,,288,1384,11,25,326,362
277,전라도,전주부,용안현,,190,662,2,16,125,143
278,전라도,전주부,부안현,,323,1662,19,38,304,361
279,전라도,전주부,정읍현,,130,858,19,10,129,158
280,전라도,전주부,태인현,,247,1526,29,18,247,294
281,전라도,전주부,고산현,,260,2028,16,48,44,108
282,전라도,전주부,여산현,,312,1419,17,43,222,282
283,전라도,나주목,해진군,,122,707,1,11,164,176
284,전라도,나주목,영암군,,333,1229,25,26,259,310
285,전라도,나주목,영광군,,331,2137,32,76,293,401
286,전라도,나주목,강진현,,355,1644,29,54,252,335
287,전라도,나주목,무장현,,356,2033,9,90,335,434
288,전라도,나주목,함평현,,315,1608,28,55,379,462
289,전라도,나주목,남평현,,236,1333,56,43,178,277
290,전라도,나주목,무안현,,315,1030,17,9,237,263
291,전라도,나주목,고창현,,164,974,9,30,191,230
292,전라도,나주목,흥덕현,,216,1051,23,52,198,273
293,전라도,나주목,장성현,,183,840,13,23,140,176
294,전라도,남원도호부,순창군,,317,1092,36,35,199,270
295,전라도,남원도호부,용담현,,86,274,2,12,59,73
296,전라도,남원도호부,구례현,,137,677,16,0,0,16
297,전라도,남원도호부,임실현,,138,803,10,24,160,194
298,전라도,남원도호부,운봉현,,139,551,7,24,0,31
299,전라도,남원도호부,장수현,,320,812,9,18,159,186
300,전라도,남원도호부,무주현,,172,715,4,6,9,19
301,전라도,남원도호부,진안현,,169,722,13,33,95,141
302,전라도,남원도호부,곡성현,,148,657,11,10,110,131
303,전라도,남원도호부,광양현,,228,1220,6,17,105,128
304,전라도,장흥도호부,담양도호부,,346,1760,48,79,250,377
305,전라도,장흥도호부,순천도호부,,467,2618,17,79,0,96
306,전라도,장흥도호부,무진군,,860,4182,75,277,571,923
307,전라도,장흥도호부,보성군,,253,1245,12,31,205,248
308,전라도,장흥도호부,낙안군,,306,1439,13,25,166,204
309,전라도,장흥도호부,고흥현,,157,686,8,46,59,113
310,전라도,장흥도호부,능성현,,139,763,9,40,101,150
311,전라도,장흥도호부,창평현,,219,952,34,45,138,217
312,전라도,장흥도호부,화순현,,209,615,19,34,40,93
313,전라도,장흥도호부,동복현,,90,289,2,40,24,66
314,전라도,장흥도호부,옥과현,,136,837,17,34,117,168
315,전라도,장흥도호부,진원현,,144,747,21,51,106,178
316,전라도,제주목,정의현,,685,2073,0,630,0,630
317,전라도,제주목,대정현,,1357,8500,0,670,0,670
318,황해도,황주목,서흥도호부,,1446,4337,214,179,140,533
319,황해도,황주목,봉산군,,1564,6200,237,210,188,635
320,황해도,황주목,안악군,,991,3703,30,82,319,431
321,황해도,황주목,수안군,,1085,3786,206,70,160,436
322,황해도,황주목,곡산군,,816,2828,155,96,119,370
323,황해도,황주목,신은현,,808,3189,136,64,110,310
324,황해도,해주목,재령군,,1293,3885,173,169,200,542
325,황해도,해주목,옹진현,,327,985,0,96,54,150
326,황해도,해주목,장연현,,964,2104,10,184,209,403
327,황해도,해주목,강령현,,389,1068,0,65,36,101
328,황해도,해주목,신천현,,936,3081,22,110,289,421
329,황해도,연안도호부,평산도호부,,2130,6323,290,144,206,640
330,황해도,연안도호부,백천군,,996,3167,73,77,174,324
331,황해도,연안도호부,우봉현,,778,2180,117,45,113,275
332,황해도,연안도호부,토산현,,376,1186,83,52,49,184
333,황해도,연안도호부,강음현,,374,964,13,12,42,67
334,황해도,풍천군,문화현,,950,2136,15,129,181,325
335,황해도,풍천군,송화현·청송현,,685,1945,11,122,207,340
336,황해도,풍천군,은율현,,392,1143,5,36,106,147
337,황해도,풍천군,장련현·장명진,,330,874,3,31,93,127
338,강원도,강릉대도호부,양양도호부,본부,982,1495,73,0,195,268
340,강원도,강릉대도호부,정선군,,203,459,19,0,24,43
341,강원도,강릉대도호부,평창군,,233,501,45,0,40,85
342,강원도,원주목,영월군,,324,611,66,0,4,70
343,강원도,원주목,횡성현,,313,595,77,0,20,97
344,강원도,원주목,홍천현,본현,444,1211,155,0,65,220
346,강원도,회양도호부,금성현,본현,412,855,119,0,0,119
348,강원도,회양도호부,김화현,,181,517,67,0,10,77
349,강원도,회양도호부,평강현,,163,212,67,0,0,67
350,강원도,회양도호부,이천현,,333,582,117,0,18,135
351,강원도,삼척도호부,평해군,,247,911,25,7,71,103
352,강원도,삼척도호부,울진현,,270,1483,38,4,70,112
353,강원도,춘천도호부,낭천현,,264,750,100,0,30,130
354,강원도,춘천도호부,양구현,본현,317,691,87,0,0,87
356,강원도,춘천도호부,인제현,본현,197,398,69,0,4,73
358,강원도,간성군,고성군,본군,421,1005,37,0,70,107
360,강원도,간성군,통천군,본군,344,1575,53,0,70,123
362,강원도,간성군,흡곡현,,219,675,22,0,56,78
363,평안도,평양부,중화군,,1503,2710,226,481,140,847
364,평안도,평양부,상원군,,703,1899,183,306,0,489
365,평안도,평양부,삼등현,,375,742,72,120,24,216
366,평안도,평양부,강동현,,894,1823,110,345,67,522
367,평안도,평양부,순안현,,664,1751,100,415,91,606
368,평안도,평양부,증산현,,301,835,32,152,60,244
369,평안도,평양부,함종현,,807,1539,103,277,99,479
370,평안도,평양부,삼화현,,410,3105,57,242,77,376
371,평안도,평양부,강서현,,986,1699,116,342,126,584
372,평안도,평양부,용강현,,1724,2643,211,445,178,834
373,평안도,안주목,성천도호부,,1068,2999,187,413,155,755
374,평안도,안주목,숙천도호부,,1318,1855,122,307,139,568
375,평안도,안주목,자산군,,591,1181,72,174,71,317
376,평안도,안주목,순천군,,602,1741,116,324,105,545
377,평안도,안주목,가천군,,1200,5439,0,565,148,713
378,평안도,안주목,덕천군,,881,3716,0,458,97,555
379,평안도,안주목,영유현,,816,2171,156,381,171,708
380,평안도,안주목,맹산현,,354,907,56,106,45,207
381,평안도,안주목,은산현,,612,1200,76,157,77,310
382,평안도,안주목,양덕현,,325,952,64,209,37,310
383,평안도,의주목,정주목,,1033,5466,0,422,131,553
384,평안도,의주목,인산군,,138,323,0,46,8,54
385,평안도,의주목,용천군,,379,1132,0,112,45,157
386,평안도,의주목,철산군,,234,659,0,126,50,176
387,평안도,의주목,곽산군,,302,2481,0,158,47,205
388,평안도,의주목,수천군,,527,3108,0,221,51,272
389,평안도,의주목,선천군,,528,4417,0,234,75,309
390,평안도,의주목,가산군,,473,1756,0,187,80,267
391,평안도,의주목,정녕현,,297,839,0,145,31,176
392,평안도,삭주도호부,영변대도호부,,1121,2906,50,556,208,814
393,평안도,삭주도호부,창성군,,335,2200,0,178,0,178
394,평안도,삭주도호부,벽동군,,416,2726,0,360,0,360
395,평안도,삭주도호부,운산군,,225,2763,0,150,55,205
396,평안도,삭주도호부,박천군,,599,1035,15,158,80,253
397,평안도,삭주도호부,태천군,,278,615,0,145,69,214
398,평안도,강계도호부,이산군,,577,1686,0,512,0,512
399,평안도,강계도호부,희천군,,319,1060,0,232,0,232
400,평안도,강계도호부,여연군,,262,1573,0,172,0,172
401,평안도,강계도호부,자성군,,405,2576,0,371,0,371
402,평안도,강계도호부,무창군,,127,291,0,127,0,127
403,평안도,강계도호부,우예군,,77,331,0,77,0,77
404,평안도,강계도호부,위원군,,217,1544,0,579,0,579
405,함길도,함흥부,정평도호부,,811,3819,0,326,120,446
406,함길도,함흥부,북청도호부,,1539,4459,0,542,67,609
407,함길도,영흥대도호부,고원군,,635,1178,0,186,81,267
408,함길도,영흥대도호부,문천군,,450,953,0,83,62,145
409,함길도,영흥대도호부,예원군,,494,2698,0,80,80,160
410,함길도,안변도호부,의천군,,303,850,0,75,80,155
411,함길도,안변도호부,용진현,,187,882,0,52,58,110
412,함길도,길주목,경원도호부,,291,3233,0,359,0,359
413,함길도,길주목,단천군,,832,2731,0,344,0,344
414,함길도,길주목,갑산군,,356,891,0,266,0,266
415,함길도,길주목,경성군,,409,9031,0,370,0,370
