아이디,고을_한글,고을_한자,레벨,도,고을,한자,계수관id,계수관,호,구,번상군,유방군,수군,군정,侍衛軍,營鎭屬軍,鎭屬防牌,守城軍,守護軍,巡綽牌,烟臺軍,烽火軍,營屬軍,營鎭軍,翼屬軍,鎭屬軍,正軍,步軍,營軍,甲士,翼軍,鎭軍,防牌,馬軍,長番水軍,騎船軍,船軍,진군중_방패군,부령_갑사정군_원문합계,추정배분여부,추정배분근거,한자短,도短,admid_group,lon,lat,면적km2,한양거리km
wda_40009001,강원도 / 강릉대도호부,江原道 / 江陵大都護府,4.0,강원도,강릉대도호부,江陵大都護府,wda_40009001,강릉대도호부,1354,4539,165,0,250,415,165,0,0,0,0,0,0,0,0,0,0,0,0,0,0,0,0,0,0,0,0,0,250,0,0,0,,江陵,강원,강원_강릉,128.63175983745174,37.6573926709679,3007.9767934158444,149.36953636888666
wda_40009001_001,강원도 / 강릉대도호부 / 양양도호부,江原道 / 江陵大都護府 / 襄陽都護府,5.0,강원도,양양도호부,襄陽都護府,wda_40009001,강릉대도호부,982,1495,73,0,195,268,73,0,0,0,0,0,0,0,0,0,0,0,0,0,0,0,0,0,0,0,0,0,195,0,0,0,,襄陽,강원,강원_양양,128.5781723527459,38.01154546860948,826.269340775907,152.3847252840303
wda_40009001_002,강원도 / 강릉대도호부 / 정선군,江原道 / 江陵大都護府 / 旌善郡,5.0,강원도,정선군,旌善郡,wda_40009001,강릉대도호부,203,459,19,0,24,43,19,0,0,0,0,0,0,0,0,0,0,0,0,0,0,0,0,0,0,0,0,0,24,0,0,0,,旌善,강원,강원_정선,128.71063788934475,37.360650261266514,800.7041803747416,157.7735001399215
wda_40009001_003,강원도 / 강릉대도호부 / 평창군,江原道 / 江陵大都護府 / 平昌郡,5.0,강원도,평창군,平昌郡,wda_40009001,강릉대도호부,233,501,45,0,40,85,45,0,0,0,0,0,0,0,0,0,0,0,0,0,0,0,0,0,0,0,0,0,40,0,0,0,,平昌,강원,강원_평창,128.5043735365053,37.32176479766939,400.9314679540694,140.18088784004027
wda_40009002,강원도 / 원주목,江原道 / 原州牧,4.0,강원도,원주목,原州牧,wda_40009002,원주목,1311,3513,284,0,82,366,284,0,0,0,0,0,0,0,0,0,0,0,0,0,0,0,0,0,0,0,0,0,82,0,0,0,,原州,강원,강원_원주,127.97227741898504,37.32737695769694,1474.6407816261053,93.437309259943
wda_40009002_001,강원도 / 원주목 / 영월군,江原道 / 原州牧 / 寧越郡,5.0,강원도,영월군,寧越郡,wda_40009002,원주목,324,611,66,0,4,70,66,0,0,0,0,0,0,0,0,0,0,0,0,0,0,0,0,0,0,0,0,0,4,0,0,0,,寧越,강원,강원_영월,128.55653708527933,37.17786751174983,816.5268650427461,148.58581585178402
wda_40009002_002,강원도 / 원주목 / 횡성현,江原道 / 原州牧 / 橫城縣,5.0,강원도,횡성현,橫城縣,wda_40009002,원주목,313,595,77,0,20,97,77,0,0,0,0,0,0,0,0,0,0,0,0,0,0,0,0,0,0,0,0,0,20,0,0,0,,橫城,강원,강원_횡성,128.11287709344714,37.5307213452124,779.4052820988,102.37118169492123
wda_40009002_003,강원도 / 원주목 / 홍천현,江原道 / 原州牧 / 洪川縣,5.0,강원도,홍천현,洪川縣,wda_40009002,원주목,444,1211,155,0,65,220,155,0,0,0,0,0,0,0,0,0,0,0,0,0,0,0,0,0,0,0,0,0,65,0,0,0,,洪川,강원,강원_홍천,127.96803841141733,37.72354431992538,1348.0423050783577,90.93684781283248
wda_40009003,강원도 / 회양도호부,江原道 / 淮陽都護府,4.0,강원도,회양도호부,淮陽都護府,wda_40009003,회양도호부,411,1078,158,0,10,168,158,0,0,0,0,0,0,0,0,0,0,0,0,0,0,0,0,0,0,0,0,0,10,0,0,0,,淮陽,강원,강원_회양,127.7806256039234,38.62546648531569,2326.214930318296,137.70271544934724
wda_40009003_001,강원도 / 회양도호부 / 금성현,江原道 / 淮陽都護府 / 金城縣,5.0,강원도,금성현,金城縣,wda_40009003,회양도호부,412,855,119,0,0,119,119,0,0,0,0,0,0,0,0,0,0,0,0,0,0,0,0,0,0,0,0,0,0,0,0,0,,金城,강원,강원_금성,127.68093582951204,38.44476938320989,1095.099898520857,116.02118053957776
wda_40009003_002,강원도 / 회양도호부 / 김화현,江原道 / 淮陽都護府 / 金化縣,5.0,강원도,김화현,金化縣,wda_40009003,회양도호부,181,517,67,0,10,77,67,0,0,0,0,0,0,0,0,0,0,0,0,0,0,0,0,0,0,0,0,0,10,0,0,0,,金化,강원,강원_김화,127.45771763735138,38.278332039308246,507.5455883741379,89.87936535060429
wda_40009003_003,강원도 / 회양도호부 / 평강현,江原道 / 淮陽都護府 / 平康縣,5.0,강원도,평강현,平康縣,wda_40009003,회양도호부,163,212,67,0,0,67,67,0,0,0,0,0,0,0,0,0,0,0,0,0,0,0,0,0,0,0,0,0,0,0,0,0,,平康,강원,강원_평강,127.23122861126384,38.56878639726109,1412.44246834144,113.22127495591369
wda_40009003_004,강원도 / 회양도호부 / 이천현,江原道 / 淮陽都護府 / 伊川縣,5.0,강원도,이천현,伊川縣,wda_40009003,회양도호부,333,582,117,0,18,135,117,0,0,0,0,0,0,0,0,0,0,0,0,0,0,0,0,0,0,0,0,0,18,0,0,0,,伊川,강원,강원_이천,126.98240852547984,38.68098359690407,1506.0258975103498,123.2891584460708
wda_40009004,강원도 / 삼척도호부,江原道 / 三陟都護府,4.0,강원도,삼척도호부,三陟都護府,wda_40009004,삼척도호부,581,2613,63,21,21,105,63,0,0,0,0,0,0,0,0,0,0,0,0,0,0,0,0,21,0,0,0,0,21,15,0,0,,三陟,강원,강원_삼척,129.0844782766032,37.28356671427058,1705.4289500005543,192.35114832475728
wda_40009004_001,강원도 / 삼척도호부 / 평해군,江原道 / 三陟都護府 / 平海郡,5.0,강원도,평해군,平海郡,wda_40009004,삼척도호부,247,911,25,7,71,103,25,0,0,7,0,0,0,0,0,0,0,0,0,0,0,0,0,0,0,0,0,0,71,0,0,0,,平海,강원,강원_평해,129.37755232413798,36.74807241507198,312.8865163810551,234.3483875958076
wda_40009004_002,강원도 / 삼척도호부 / 울진현,江原道 / 三陟都護府 / 蔚珍縣,5.0,강원도,울진현,蔚珍縣,wda_40009004,삼척도호부,270,1483,38,4,70,112,38,0,0,4,0,0,0,0,0,0,0,0,0,0,0,0,0,0,0,0,0,0,70,0,0,0,,蔚珍,강원,강원_울진,129.43281173492147,37.02016474884255,785.9799320697784,229.25716718519013
wda_40009005,강원도 / 춘천도호부,江原道 / 春川都護府,4.0,강원도,춘천도호부,春川都護府,wda_40009005,춘천도호부,1227,2201,298,0,134,432,298,0,0,0,0,0,0,0,0,0,0,0,0,0,0,0,0,0,0,0,0,0,134,0,0,0,,春川,강원,강원_춘천,127.86272040390972,37.91660899906588,1769.2789394780991,88.68976667606769
wda_40009005_001,강원도 / 춘천도호부 / 낭천현,江原道 / 春川都護府 / 狼川縣,5.0,강원도,낭천현,狼川縣,wda_40009005,춘천도호부,264,750,100,0,30,130,100,0,0,0,0,0,0,0,0,0,0,0,0,0,0,0,0,0,0,0,0,0,30,0,0,0,,狼川,강원,강원_낭천,127.72010586204088,38.15087388165503,772.7886167764664,93.06590037485464
wda_40009005_002,강원도 / 춘천도호부 / 양구현,江原道 / 春川都護府 / 楊口縣,5.0,강원도,양구현,楊口縣,wda_40009005,춘천도호부,317,691,87,0,0,87,87,0,0,0,0,0,0,0,0,0,0,0,0,0,0,0,0,0,0,0,0,0,0,0,0,0,,楊口,강원,강원_양구,128.00036091960584,38.17904889622693,683.0747057795525,114.40827041330893
wda_40009005_003,강원도 / 춘천도호부 / 인제현,江原道 / 春川都護府 / 麟蹄縣,5.0,강원도,인제현,麟蹄縣,wda_40009005,춘천도호부,197,398,69,0,4,73,69,0,0,0,0,0,0,0,0,0,0,0,0,0,0,0,0,0,0,0,0,0,4,0,0,0,,麟蹄,강원,강원_인제,128.22405659655388,38.1583225139601,1360.1560434736311,130.01196138665634
wda_40009006,강원도 / 간성군,江原道 / 杆城郡,4.0,강원도,간성군,杆城郡,wda_40009006,간성군,332,567,72,11,140,223,72,0,0,0,0,0,0,0,0,0,0,0,0,0,0,0,0,11,0,0,0,0,140,10,0,0,,杆城,강원,강원_간성,128.42950276547026,38.351507099186506,522.1587557531893,157.02189899991467
wda_40009006_001,강원도 / 간성군 / 고성군,江原道 / 杆城郡 / 高城郡,5.0,강원도,고성군,高城郡,wda_40009006,간성군,421,1005,37,0,70,107,37,0,0,0,0,0,0,0,0,0,0,0,0,0,0,0,0,0,0,0,0,0,70,0,0,0,,高城,강원,강원_고성,128.24157914131143,38.55763289981246,788.3376127108932,158.0926094039727
wda_40009006_002,강원도 / 간성군 / 통천군,江原道 / 杆城郡 / 通川郡,5.0,강원도,통천군,通川郡,wda_40009006,간성군,344,1575,53,0,70,123,53,0,0,0,0,0,0,0,0,0,0,0,0,0,0,0,0,0,0,0,0,0,70,0,0,0,,通川,강원,강원_통천,127.9538567000928,38.827792152454016,509.98023391887546,164.9421404269655
wda_40009006_003,강원도 / 간성군 / 흡곡현,江原道 / 杆城郡 / 歙谷縣,5.0,강원도,흡곡현,歙谷縣,wda_40009006,간성군,219,675,22,0,56,78,22,0,0,0,0,0,0,0,0,0,0,0,0,0,0,0,0,0,0,0,0,0,56,0,0,0,,歙谷,강원,강원_흡곡,127.73111696764782,39.01602358019803,385.6081493385136,174.12584964860469
wda_40004001,경기 / 광주목,京畿 / 廣州牧,4.0,경기,광주목,廣州牧,wda_40004001,광주목,1436,3110,122,0,263,385,122,0,0,0,0,0,0,0,0,0,0,0,0,0,0,0,0,0,0,0,0,0,263,0,0,0,,廣州,경기,경기_광주,127.18627665020772,37.42182735957993,931.9595247320832,24.685299577922983
wda_40004001_001,경기 / 광주목 / 여흥도호부,京畿 / 廣州牧 / 驪興都護府,5.0,경기,여흥도호부,驪興都護府,wda_40004001,광주목,538,1144,75,0,121,196,75,0,0,0,0,0,0,0,0,0,0,0,0,0,0,0,0,0,0,0,0,0,121,0,0,0,,驪興,경기,경기_여주,127.6300476228004,37.24300531648429,275.88272508233786,68.80809941812038
wda_40004001_002,경기 / 광주목 / 양근군,京畿 / 廣州牧 / 楊根郡,5.0,경기,양근군,楊根郡,wda_40004001,광주목,388,1686,25,0,79,104,25,0,0,0,0,0,0,0,0,0,0,0,0,0,0,0,0,0,0,0,0,0,79,0,0,0,,楊根,경기,경기_양근,127.44610358472,37.57292527720242,548.8989619649947,42.25430108807233
wda_40004001_003,경기 / 광주목 / 음죽현,京畿 / 廣州牧 / 陰竹縣,5.0,경기,음죽현,陰竹縣,wda_40004001,광주목,390,1088,81,0,58,139,81,0,0,0,0,0,0,0,0,0,0,0,0,0,0,0,0,0,0,0,0,0,58,0,0,0,,陰竹,경기,경기_음죽,127.56160471746884,37.11234667892399,166.57077127695084,72.72006913569508
wda_40004001_004,경기 / 광주목 / 이천현,京畿 / 廣州牧 / 利川縣,5.0,경기,이천현,利川縣,wda_40004001,광주목,1026,3898,80,0,119,199,80,0,0,0,0,0,0,0,0,0,0,0,0,0,0,0,0,0,0,0,0,0,119,0,0,0,,利川,경기,경기_이천,127.44429126465975,37.25205315048598,316.7932448089123,54.55421110000404
wda_40004001_005,경기 / 광주목 / 과천현,京畿 / 廣州牧 / 果川縣,5.0,경기,과천현,果川縣,wda_40004001,광주목,244,743,21,0,70,91,21,0,0,0,0,0,0,0,0,0,0,0,0,0,0,0,0,0,0,0,0,0,70,0,0,0,,果川,경기,경기_과천,126.97497752982362,37.42698777011894,141.77183735743165,15.372217439105082
wda_40004001_006,경기 / 광주목 / 천녕현,京畿 / 廣州牧 / 川寧縣,5.0,경기,천녕현,川寧縣,wda_40004001,광주목,413,1234,69,0,42,111,69,0,0,0,0,0,0,0,0,0,0,0,0,0,0,0,0,0,0,0,0,0,42,0,0,0,,川寧,경기,경기_천녕,127.54374082361008,37.38209211098363,251.49699026718736,54.94240091806675
wda_40004001_007,경기 / 광주목 / 지평현,京畿 / 廣州牧 / 砥平縣,5.0,경기,지평현,砥平縣,wda_40004001,광주목,267,515,13,0,58,71,13,0,0,0,0,0,0,0,0,0,0,0,0,0,0,0,0,0,0,0,0,0,58,0,0,0,,砥平,경기,경기_지평,127.67626697661872,37.50932275555671,512.9875659495592,63.28688737062695
wda_40004001_008,경기 / 광주목 / 금천현,京畿 / 廣州牧 / 衿川縣,5.0,경기,금천현,衿川縣,wda_40004001,광주목,327,937,5,0,73,78,5,0,0,0,0,0,0,0,0,0,0,0,0,0,0,0,0,0,0,0,0,0,73,0,0,0,,衿川,경기,경기_금천,126.90122582095655,37.46057848927207,127.4094001315534,13.50750107515116
wda_40004002,경기 / 양주도호부,京畿 / 楊州都護府,4.0,경기,양주도호부,楊州都護府,wda_40004002,양주도호부,1481,2726,133,0,132,265,133,0,0,0,0,0,0,0,0,0,0,0,0,0,0,0,0,0,0,0,0,0,132,0,0,0,,楊州,경기,경기_양주,127.10410438916294,37.76124281462035,1127.8431422784925,24.43581409274532
wda_40004002_001,경기 / 양주도호부 / 원평도호부,京畿 / 楊州都護府 / 原平都護府,5.0,경기,원평도호부,原平都護府,wda_40004002,양주도호부,494,1316,17,0,26,43,17,0,0,0,0,0,0,0,0,0,0,0,0,0,0,0,0,0,0,0,0,0,26,0,0,0,,原平,경기,경기_파주,126.84271416225592,37.838655995093966,298.8732491731644,32.48385408503253
wda_40004002_002,경기 / 양주도호부 / 고양현,京畿 / 楊州都護府 / 高陽縣,5.0,경기,고양현,高陽縣,wda_40004002,양주도호부,679,1314,65,0,20,85,65,0,0,0,0,0,0,0,0,0,0,0,0,0,0,0,0,0,0,0,0,0,20,0,0,0,,高陽,경기,경기_고양,126.81804822443412,37.66311089064724,214.12719341367483,17.894892326978116
wda_40004002_003,경기 / 양주도호부 / 교하현,京畿 / 楊州都護府 / 交河縣,5.0,경기,교하현,交河縣,wda_40004002,양주도호부,590,1629,64,0,43,107,64,0,0,0,0,0,0,0,0,0,0,0,0,0,0,0,0,0,0,0,0,0,43,0,0,0,,交河,경기,경기_교하,126.73058814764823,37.76691474677798,130.6570374071598,31.40102043605153
wda_40004002_004,경기 / 양주도호부 / 임진현,京畿 / 楊州都護府 / 臨津縣,5.0,경기,임진현,臨津縣,wda_40004002,양주도호부,274,613,2,0,16,18,2,0,0,0,0,0,0,0,0,0,0,0,0,0,0,0,0,0,0,0,0,0,16,0,0,0,,臨津,경기,경기_임진,126.73569790067654,37.9104578774674,127.45541816204786,43.85162716892355
wda_40004002_005,경기 / 양주도호부 / 적성현,京畿 / 楊州都護府 / 積城縣,5.0,경기,적성현,積城縣,wda_40004002,양주도호부,212,380,21,0,14,35,21,0,0,0,0,0,0,0,0,0,0,0,0,0,0,0,0,0,0,0,0,0,14,0,0,0,,積城,경기,경기_적성,126.9438190001227,37.95245215818852,166.09641567617655,42.83592041161753
wda_40004002_006,경기 / 양주도호부 / 포천현,京畿 / 楊州都護府 / 抱川縣,5.0,경기,포천현,抱川縣,wda_40004002,양주도호부,371,1222,60,0,50,110,60,0,0,0,0,0,0,0,0,0,0,0,0,0,0,0,0,0,0,0,0,0,50,0,0,0,,抱川,경기,경기_포천,127.20395281233688,37.86193652687989,332.98540925979614,38.58177001337606
wda_40004002_007,경기 / 양주도호부 / 가평현,京畿 / 楊州都護府 / 加平縣,5.0,경기,가평현,加平縣,wda_40004002,양주도호부,288,987,96,0,43,139,96,0,0,0,0,0,0,0,0,0,0,0,0,0,0,0,0,0,0,0,0,0,43,0,0,0,,加平,경기,경기_가평,127.43540989363738,37.83861386230748,660.1936775706708,51.11803679212035
wda_40004003,경기 / 수원도호부,京畿 / 水原都護府,4.0,경기,수원도호부,水原都護府,wda_40004003,수원도호부,1842,4926,197,0,405,602,197,0,0,0,0,0,0,0,0,0,0,0,0,0,0,0,0,0,0,0,0,0,405,0,0,0,,水原,경기,경기_수원,126.9649237770794,37.12240877267501,703.5862900875509,49.0617124077935
wda_40004003_001,경기 / 수원도호부 / 남양도호부,京畿 / 水原都護府 / 南陽都護府,5.0,경기,남양도호부,南陽都護府,wda_40004003,수원도호부,487,778,2,0,145,147,2,0,0,0,0,0,0,0,0,0,0,0,0,0,0,0,0,0,0,0,0,0,145,0,0,0,,南陽,경기,경기_남양,126.7159927469743,37.208551034516965,311.2695113681257,45.986247452325614
wda_40004003_002,경기 / 수원도호부 / 안산군,京畿 / 水原都護府 / 安山郡,5.0,경기,안산군,安山郡,wda_40004003,수원도호부,302,588,1,0,115,116,1,0,0,0,0,0,0,0,0,0,0,0,0,0,0,0,0,0,0,0,0,0,115,0,0,0,,安山,경기,경기_안산,126.81371685243695,37.354369694243175,114.07523971050978,27.63769263019001
wda_40004003_003,경기 / 수원도호부 / 안성군,京畿 / 水原都護府 / 安城郡,5.0,경기,안성군,安城郡,wda_40004003,수원도호부,424,1763,92,0,129,221,92,0,0,0,0,0,0,0,0,0,0,0,0,0,0,0,0,0,0,0,0,0,129,0,0,0,,安城,경기,경기_안성,127.28783362133952,36.990817030196,232.47674771025777,69.48840014106693
wda_40004003_004,경기 / 수원도호부 / 진위현,京畿 / 水原都護府 / 振威縣,5.0,경기,진위현,振威縣,wda_40004003,수원도호부,221,535,10,0,51,61,10,0,0,0,0,0,0,0,0,0,0,0,0,0,0,0,0,0,0,0,0,0,51,0,0,0,,振威,경기,경기_진위,127.0601241579814,37.098034703360376,78.4139254167676,52.28351663928415
wda_40004003_005,경기 / 수원도호부 / 용인현,京畿 / 水原都護府 / 龍仁縣,5.0,경기,용인현,龍仁縣,wda_40004003,수원도호부,457,1168,66,0,76,142,66,0,0,0,0,0,0,0,0,0,0,0,0,0,0,0,0,0,0,0,0,0,76,0,0,0,,龍仁,경기,경기_용인,127.1670789930255,37.241855058660335,414.41717406362295,39.72016114145227
wda_40004003_006,경기 / 수원도호부 / 양성현,京畿 / 水原都護府 / 陽城縣,5.0,경기,양성현,陽城縣,wda_40004003,수원도호부,425,1210,76,0,68,144,76,0,0,0,0,0,0,0,0,0,0,0,0,0,0,0,0,0,0,0,0,0,68,0,0,0,,陽城,경기,경기_양성,127.108829192671,37.04118225551325,199.176061950624,59.23323628108565
wda_40004003_007,경기 / 수원도호부 / 양지현,京畿 / 水原都護府 / 陽智縣,5.0,경기,양지현,陽智縣,wda_40004003,수원도호부,346,609,37,0,68,105,37,0,0,0,0,0,0,0,0,0,0,0,0,0,0,0,0,0,0,0,0,0,68,0,0,0,,陽智,경기,경기_양지,127.3017446431877,37.17807102678114,151.51115988194942,51.91649492329368
wda_40004004,경기 / 철원도호부,京畿 / 鐵原都護府,4.0,경기,철원도호부,鐵原都護府,wda_40004004,철원도호부,351,770,62,0,0,62,62,0,0,0,0,0,0,0,0,0,0,0,0,0,0,0,0,0,0,0,0,0,0,0,0,0,,鐵原,경기,강원_철원,127.21737584548283,38.22894422935179,723.7715680152178,76.4341458548815
wda_40004004_001,경기 / 철원도호부 / 삭녕군,京畿 / 鐵原都護府 / 朔寧郡,5.0,경기,삭녕군,朔寧郡,wda_40004004,철원도호부,233,722,61,0,37,98,61,0,0,0,0,0,0,0,0,0,0,0,0,0,0,0,0,0,0,0,0,0,37,0,0,0,,朔寧,경기,경기_삭녕,126.97833140461056,38.25284205384352,412.9741954803467,75.94696791627258
wda_40004004_002,경기 / 철원도호부 / 영평현,京畿 / 鐵原都護府 / 永平縣,5.0,경기,영평현,永平縣,wda_40004004,철원도호부,138,419,33,0,37,70,33,0,0,0,0,0,0,0,0,0,0,0,0,0,0,0,0,0,0,0,0,0,37,0,0,0,,永平,경기,경기_영평,127.31318059309596,38.02297024583979,499.0525311343372,58.90534682882778
wda_40004004_003,경기 / 철원도호부 / 장단현,京畿 / 鐵原都護府 / 長湍縣,5.0,경기,장단현,長湍縣,wda_40004004,철원도호부,170,467,4,0,11,15,4,0,0,0,0,0,0,0,0,0,0,0,0,0,0,0,0,0,0,0,0,0,11,0,0,0,,長湍,경기,경기_장단,126.84327096857318,38.00251480793381,91.79941012337804,49.74705941255401
wda_40004004_004,경기 / 철원도호부 / 안협현,京畿 / 鐵原都護府 / 安峽縣,5.0,경기,안협현,安峽縣,wda_40004004,철원도호부,140,410,8,0,10,18,8,0,0,0,0,0,0,0,0,0,0,0,0,0,0,0,0,0,0,0,0,0,10,0,0,0,,安峽,경기,경기_안협,126.90386508568378,38.38571800145664,251.4663792252541,90.87849477996645
wda_40004004_005,경기 / 철원도호부 / 임강현,京畿 / 鐵原都護府 / 臨江縣,5.0,경기,임강현,臨江縣,wda_40004004,철원도호부,364,878,33,0,35,68,33,0,0,0,0,0,0,0,0,0,0,0,0,0,0,0,0,0,0,0,0,0,35,0,0,0,,臨江,경기,경기_임강,126.77161684336224,38.06277309010587,348.3069894127548,57.960811378317445
wda_40004004_006,경기 / 철원도호부 / 마전현,京畿 / 鐵原都護府 / 麻田縣,5.0,경기,마전현,麻田縣,wda_40004004,철원도호부,146,484,13,0,26,39,13,0,0,0,0,0,0,0,0,0,0,0,0,0,0,0,0,0,0,0,0,0,26,0,0,0,,麻田,경기,경기_마전,126.96870145247792,38.051933770286695,75.10657976567745,53.736838099063846
wda_40004004_007,경기 / 철원도호부 / 연천현,京畿 / 鐵原都護府 / 漣川縣,5.0,경기,연천현,漣川縣,wda_40004004,철원도호부,186,360,23,0,21,44,23,0,0,0,0,0,0,0,0,0,0,0,0,0,0,0,0,0,0,0,0,0,21,0,0,0,,漣川,경기,경기_연천,127.04111639461824,38.11988044092259,181.621451087296,61.516381584835074
wda_40004005,경기 / 부평도호부,京畿 / 富平都護府,4.0,경기,부평도호부,富平都護府,wda_40004005,부평도호부,429,954,20,0,128,148,20,0,0,0,0,0,0,0,0,0,0,0,0,0,0,0,0,0,0,0,0,0,128,0,0,0,,富平,경기,경기_부평,126.74375906895912,37.52464997955924,183.7472921460867,21.49747974605399
wda_40004005_001,경기 / 부평도호부 / 강화도호부,京畿 / 富平都護府 / 江華都護府,5.0,경기,강화도호부,江華都護府,wda_40004005,부평도호부,2445,3283,2,0,474,476,2,0,0,0,0,0,0,0,0,0,0,0,0,0,0,0,0,0,0,0,279,0,195,0,0,0,,江華,경기,경기_강화,126.4222186891479,37.69550163750687,363.2463108189404,51.97497131414229
wda_40004005_002,경기 / 부평도호부 / 인천군,京畿 / 富平都護府 / 仁川郡,5.0,경기,인천군,仁川郡,wda_40004005,부평도호부,357,1412,1,0,172,173,1,0,0,0,0,0,0,0,0,0,0,0,0,0,0,0,0,0,0,0,0,0,172,0,0,0,,仁川,경기,경기_인천,126.54573333724323,37.39232407874094,268.41198732703924,43.32809133662189
wda_40004005_003,경기 / 부평도호부 / 해풍군,京畿 / 富平都護府 / 海豐郡,5.0,경기,해풍군,海豐郡,wda_40004005,부평도호부,792,1381,9,0,94,103,9,0,0,0,0,0,0,0,0,0,0,0,0,0,0,0,0,0,0,0,0,0,94,0,0,0,,海豊,경기,경기_풍덕,126.57135958776745,37.86267770114059,262.61476362869143,49.099246517558136
wda_40004005_004,경기 / 부평도호부 / 김포현,京畿 / 富平都護府 / 金浦縣,5.0,경기,김포현,金浦縣,wda_40004005,부평도호부,318,651,2,0,59,61,2,0,0,0,0,0,0,0,0,0,0,0,0,0,0,0,0,0,0,0,0,0,59,0,0,0,,金浦,경기,경기_김포,126.70847146081822,37.61511621229265,100.58718781173228,24.78594212752813
wda_40004005_005,경기 / 부평도호부 / 양천현,京畿 / 富平都護府 / 陽川縣,5.0,경기,양천현,陽川縣,wda_40004005,부평도호부,222,509,0,0,31,31,0,0,0,0,0,0,0,0,0,0,0,0,0,0,0,0,0,0,0,0,0,0,31,0,0,0,,陽川,경기,경기_양천,126.83721242178304,37.55151692840306,55.6782635897398,12.690687295907736
wda_40004005_006,경기 / 부평도호부 / 교동현,京畿 / 富平都護府 / 喬桐縣,5.0,경기,교동현,喬桐縣,wda_40004005,부평도호부,221,562,6,0,444,450,6,0,0,0,0,0,0,0,0,0,0,0,0,0,0,0,0,0,0,0,249,0,195,0,0,0,,喬桐,경기,경기_교동,126.27482960162044,37.77641926783655,55.61554513126612,67.38178902905484
wda_40004005_007,경기 / 부평도호부 / 통진현,京畿 / 富平都護府 / 通津縣,5.0,경기,통진현,通津縣,wda_40004005,부평도호부,458,971,6,0,110,116,6,0,0,0,0,0,0,0,0,0,0,0,0,0,0,0,0,0,0,0,0,0,110,0,0,0,,通津,경기,경기_통진,126.5971929216258,37.69315770645634,186.50900980085132,36.982404711224575
wda_40006001,경상도 / 경주부,慶尙道 / 慶州府,4.0,경상도,경주부,慶州府,wda_40006001,경주부,2332,9289,66,209,941,1216,66,0,0,0,0,0,0,0,0,0,0,0,0,0,0,0,0,209,0,0,0,0,941,0,0,0,,慶州,경상,경상_경주,129.1786296829764,35.8921425665677,2191.645707618445,271.2393218881942
wda_40006001_001,경상도 / 경주부 / 밀양도호부,慶尙道 / 慶州府 / 密陽都護府,5.0,경상도,밀양도호부,密陽都護府,wda_40006001,경주부,1999,6785,120,233,542,895,120,0,0,0,0,0,0,0,0,0,0,0,0,0,0,0,0,233,0,0,0,0,542,0,0,0,,密陽,경상,경상_밀양,128.80450290188855,35.50765403214548,781.2881270833313,280.8729420789147
wda_40006001_002,경상도 / 경주부 / 양산군,慶尙道 / 慶州府 / 梁山郡,5.0,경상도,양산군,梁山郡,wda_40006001,경주부,425,937,15,43,131,189,15,0,0,0,0,0,0,0,0,0,0,0,0,0,0,0,0,43,0,0,0,0,131,0,0,0,,梁山,경상,경상_양산,129.0143608580794,35.365707367305475,502.2683533504605,304.72775579983573
wda_40006001_003,경상도 / 경주부 / 울산군,慶尙道 / 慶州府 / 蔚山郡,5.0,경상도,울산군,蔚山郡,wda_40006001,경주부,1058,4161,16,116,368,500,16,0,0,0,0,0,0,0,0,0,0,0,0,0,0,0,0,116,0,0,0,0,368,0,0,0,,蔚山,경상,경상_울산,129.29451880149423,35.51333494563502,691.6594813577831,308.34728906490034
wda_40006001_004,경상도 / 경주부 / 청도군,慶尙道 / 慶州府 / 淸道郡,5.0,경상도,청도군,淸道郡,wda_40006001,경주부,649,3361,33,87,255,375,33,0,0,0,0,0,0,0,0,0,0,0,0,0,0,0,0,87,0,0,0,0,255,0,0,0,,淸道,경상,경상_청도,128.8138176759275,35.66191620709061,548.8044559955597,267.75529237231336
wda_40006001_005,경상도 / 경주부 / 흥해군,慶尙道 / 慶州府 / 興海郡,5.0,경상도,흥해군,興海郡,wda_40006001,경주부,423,1885,10,27,165,202,10,0,0,0,0,0,0,0,0,0,0,0,0,0,0,0,0,27,0,0,0,0,165,0,0,0,,興海,경상,경상_흥해,129.34324953611343,36.09304027155341,144.85703366994858,268.21679279355914
wda_40006001_006,경상도 / 경주부 / 대구군,慶尙道 / 慶州府 / 大丘郡,5.0,경상도,대구군,大丘郡,wda_40006001,경주부,1249,4425,51,105,454,610,51,0,0,0,0,0,0,0,0,0,0,0,0,0,0,0,0,105,0,0,0,0,454,0,0,0,,大丘,경상,경상_대구,128.5979599743532,35.81854474284292,613.5791126973927,242.16996675047804
wda_40006001_007,경상도 / 경주부 / 경산현,慶尙道 / 慶州府 / 慶山縣,5.0,경상도,경산현,慶山縣,wda_40006001,경주부,318,1337,20,34,200,254,20,0,0,0,0,0,0,0,0,0,0,0,0,0,0,0,0,34,0,0,0,0,200,0,0,0,,慶山,경상,경상_경산,128.7275192305514,35.80467663206272,165.11282454803586,250.56750323417484
wda_40006001_008,경상도 / 경주부 / 동래현,慶尙道 / 慶州府 / 東萊縣,5.0,경상도,동래현,東萊縣,wda_40006001,경주부,398,1493,11,71,130,212,11,0,0,0,0,0,0,0,0,0,0,0,0,0,0,0,0,71,0,0,0,0,130,0,0,0,,東萊,경상,경상_동래,129.06839393541094,35.17578208828766,298.5919593088329,324.54313739696454
wda_40006001_009,경상도 / 경주부 / 창녕현,慶尙道 / 慶州府 / 昌寧縣,5.0,경상도,창녕현,昌寧縣,wda_40006001,경주부,825,4352,45,79,342,466,45,0,0,0,0,0,0,0,0,79,0,0,0,0,0,0,0,0,0,0,0,0,342,0,0,0,,昌寧,경상,경상_창녕,128.46847918917004,35.55405978884667,321.9444118030369,259.87421555491903
wda_40006001_010,경상도 / 경주부 / 언양현,慶尙道 / 慶州府 / 彦陽縣,5.0,경상도,언양현,彦陽縣,wda_40006001,경주부,421,1458,7,44,156,207,7,0,0,0,0,0,0,0,0,44,0,0,0,0,0,0,0,0,0,0,0,0,156,0,0,0,,彦陽,경상,경상_언양,129.10262635390762,35.5578228143138,259.1289865486324,293.1790041123069
wda_40006001_011,경상도 / 경주부 / 기장현,慶尙道 / 慶州府 / 機張縣,5.0,경상도,기장현,機張縣,wda_40006001,경주부,174,397,2,3,49,54,2,0,0,0,0,0,0,0,0,0,0,0,0,0,0,0,0,3,0,0,0,0,49,0,0,0,,機張,경상,경상_기장,129.20072119411174,35.29522501802343,220.4003511741757,321.1739757423712
wda_40006001_012,경상도 / 경주부 / 장기현,慶尙道 / 慶州府 / 長鬐縣,5.0,경상도,장기현,長鬐縣,wda_40006001,경주부,203,813,4,1,34,39,4,0,0,0,0,0,0,0,0,0,0,0,0,0,0,0,0,1,0,0,0,0,34,0,0,0,,長鬐,경상,경상_장기,129.5009640003419,35.94339254545397,175.28992172330618,289.5852970891779
wda_40006001_013,경상도 / 경주부 / 영산현,慶尙道 / 慶州府 / 靈山縣,5.0,경상도,영산현,靈山縣,wda_40006001,경주부,471,2106,37,50,192,279,37,0,0,0,0,0,0,0,0,50,0,0,0,0,0,0,0,0,0,0,0,0,192,0,0,0,,靈山,경상,경상_영산,128.53234551084506,35.43485430243552,202.2471108920872,274.1374425999065
wda_40006001_014,경상도 / 경주부 / 현풍현,慶尙道 / 慶州府 / 玄風縣,5.0,경상도,현풍현,玄風縣,wda_40006001,경주부,477,1871,35,53,232,320,35,0,0,0,0,0,0,0,0,0,0,0,0,0,0,0,0,53,0,0,0,0,232,0,0,0,,玄風,경상,경상_현풍,128.43988631873583,35.68415195283574,165.2096073627472,246.2845014189101
wda_40006001_015,경상도 / 경주부 / 영일현,慶尙道 / 慶州府 / 迎日縣,5.0,경상도,영일현,迎日縣,wda_40006001,경주부,417,1742,8,40,130,178,8,0,0,0,0,0,0,0,0,0,0,0,0,0,0,0,0,40,0,0,0,0,130,0,0,0,,迎日,경상,경상_영일,129.3934067316298,35.96766812797626,205.8523957952857,280.34586688161335
wda_40006001_016,경상도 / 경주부 / 청하현,慶尙道 / 慶州府 / 淸河縣,5.0,경상도,청하현,淸河縣,wda_40006001,경주부,235,724,2,0,46,48,2,0,0,0,0,0,0,0,0,0,0,0,0,0,0,0,0,0,0,0,0,0,46,0,0,0,,淸河,경상,경상_청하,129.3089070593607,36.213169303427286,150.95265702158213,257.839422500565
wda_40006002,경상도 / 안동대도호부,慶尙道 / 安東大都護府,4.0,경상도,안동대도호부,安東大都護府,wda_40006002,안동대도호부,1887,7667,113,241,506,860,113,0,0,0,0,0,0,0,0,0,0,0,0,0,0,0,0,241,0,0,0,0,506,0,0,0,,安東,경상,경상_안동,128.83633620343244,36.69440551555678,2022.889733619988,193.2051830564633
wda_40006002_001,경상도 / 안동대도호부 / 영해도호부,慶尙道 / 安東大都護府 / 寧海都護府,5.0,경상도,영해도호부,寧海都護府,wda_40006002,안동대도호부,284,2243,6,62,126,194,6,0,0,0,0,0,0,0,0,0,0,0,0,0,0,0,0,62,0,0,0,0,126,0,0,0,,寧海,경상,경상_영해,129.2069128021799,36.66220472649712,1082.889540553093,224.31699083473288
wda_40006002_002,경상도 / 안동대도호부 / 순흥도호부,慶尙道 / 安東大都護府 / 順興都護府,5.0,경상도,순흥도호부,順興都護府,wda_40006002,안동대도호부,284,1679,36,30,81,147,36,0,0,0,0,0,0,0,0,0,0,0,0,0,0,0,0,30,0,0,0,0,81,0,0,0,,順興,경상,경상_순흥,128.63779603574164,36.9488060792633,405.1385004632175,164.40474360267413
wda_40006002_003,경상도 / 안동대도호부 / 예천군,慶尙道 / 安東大都護府 / 醴泉郡,5.0,경상도,예천군,醴泉郡,wda_40006002,안동대도호부,1092,5227,73,95,256,424,73,0,0,0,0,0,0,0,0,0,0,0,0,0,0,0,0,95,0,0,0,0,256,0,0,0,,醴泉,경상,경상_예천,128.39203748163496,36.64684829682806,587.9592181369662,163.00294091585548
wda_40006002_004,경상도 / 안동대도호부 / 영천군,慶尙道 / 安東大都護府 / 榮川郡,5.0,경상도,영천군,榮川郡,wda_40006002,안동대도호부,377,3087,45,64,130,239,45,0,0,0,0,0,0,0,0,0,0,0,0,0,0,0,0,64,0,0,0,0,130,0,0,0,,榮川,경상,경상_榮川,128.6566912216514,36.7973682111111,291.6483360007405,173.5131683826573
wda_40006002_005,경상도 / 안동대도호부 / 영천군,慶尙道 / 安東大都護府 / 永川郡,5.0,경상도,영천군,永川郡,wda_40006002,안동대도호부,863,3672,29,90,336,455,29,0,0,0,0,0,0,0,0,0,0,0,0,0,0,0,0,90,0,0,0,0,336,0,0,0,,永川,경상,경상_永川,128.96224400202888,35.996805299389706,614.6692161895335,249.1436280170659
wda_40006002_006,경상도 / 안동대도호부 / 청송군,慶尙道 / 安東大都護府 / 靑松郡,5.0,경상도,청송군,靑松郡,wda_40006002,안동대도호부,134,815,4,22,49,75,4,0,0,0,0,0,0,0,0,0,0,0,0,0,0,0,0,22,0,0,0,0,49,0,0,0,,靑松,경상,경상_청송,129.0579461589983,36.319843780984215,676.354710355401,232.6136307268324
wda_40006002_007,경상도 / 안동대도호부 / 의성현,慶尙道 / 安東大都護府 / 義城縣,5.0,경상도,의성현,義城縣,wda_40006002,안동대도호부,637,1955,45,68,248,361,45,0,0,0,0,0,0,0,0,0,0,0,0,0,0,0,0,68,0,0,0,0,248,0,0,0,,義城,경상,경상_의성,128.72405714398158,36.32597593242308,805.8070003390312,208.70099206412632
wda_40006002_008,경상도 / 안동대도호부 / 영덕현,慶尙道 / 安東大都護府 / 盈德縣,5.0,경상도,영덕현,盈德縣,wda_40006002,안동대도호부,286,1110,5,5,83,93,5,0,0,0,0,0,0,0,0,0,0,0,0,0,0,0,0,5,0,0,0,0,83,0,0,0,,盈德,경상,경상_영덕,129.29994387331837,36.40444168540815,381.5916951559484,245.4843906461826
wda_40006002_009,경상도 / 안동대도호부 / 예안현,慶尙道 / 安東大都護府 / 禮安縣,5.0,경상도,예안현,禮安縣,wda_40006002,안동대도호부,174,749,18,39,58,115,18,0,0,0,0,0,0,0,0,0,0,0,0,0,0,0,0,39,0,0,0,0,58,0,0,0,,禮安,경상,경상_예안,128.85366521642388,36.728304028088,277.1151323094964,192.73013321939808
wda_40006002_010,경상도 / 안동대도호부 / 하양현,慶尙道 / 安東大都護府 / 河陽縣,5.0,경상도,하양현,河陽縣,wda_40006002,안동대도호부,177,1087,6,22,160,188,6,0,0,0,0,0,0,0,0,0,0,0,0,0,0,0,0,22,0,0,0,0,160,0,0,0,,河陽,경상,경상_하양,128.7863117776964,35.91222507204865,114.9740034379065,244.93038726663065
wda_40006002_011,경상도 / 안동대도호부 / 기천현,慶尙道 / 安東大都護府 / 基川縣,5.0,경상도,기천현,基川縣,wda_40006002,안동대도호부,235,1016,15,24,71,110,15,0,0,0,0,0,0,0,0,0,0,0,0,0,0,0,0,24,0,0,0,0,71,0,0,0,,基川,경상,경상_풍기,128.47784313694729,36.826147784147466,235.96430383995173,157.99479182861026
wda_40006002_012,경상도 / 안동대도호부 / 인동현,慶尙道 / 安東大都護府 / 仁同縣,5.0,경상도,인동현,仁同縣,wda_40006002,안동대도호부,637,2188,39,85,254,378,39,0,0,0,0,0,0,0,0,0,0,0,0,0,0,0,0,85,0,0,0,0,254,0,0,0,,仁同,경상,경상_인동,128.41294040450975,36.05905557075365,277.8890418037772,210.92407196688217
wda_40006002_013,경상도 / 안동대도호부 / 봉화현,慶尙道 / 安東大都護府 / 奉化縣,5.0,경상도,봉화현,奉化縣,wda_40006002,안동대도호부,243,473,18,29,59,106,18,0,0,0,0,0,0,0,0,0,0,0,0,0,0,0,0,29,0,0,0,0,59,0,0,0,,奉化,경상,경상_봉화,128.834016553063,36.93599751264678,435.7138305641711,181.1707180695639
wda_40006002_014,경상도 / 안동대도호부 / 의흥현,慶尙道 / 安東大都護府 / 義興縣,5.0,경상도,의흥현,義興縣,wda_40006002,안동대도호부,424,1434,18,31,128,177,18,0,0,0,0,0,0,0,0,0,0,0,0,0,0,0,0,31,0,0,0,0,128,0,0,0,,義興,경상,경상_의흥,128.70573121444795,36.1243832666466,301.7328502945602,222.8209297147499
wda_40006002_015,경상도 / 안동대도호부 / 신녕현,慶尙道 / 安東大都護府 / 新寧縣,5.0,경상도,신녕현,新寧縣,wda_40006002,안동대도호부,470,1499,17,33,148,198,17,0,0,0,0,0,0,0,0,0,0,0,0,0,0,0,0,33,0,0,0,0,148,0,0,0,,新寧,경상,경상_신녕,128.83401501347697,36.05846697160218,235.7652089037001,236.1289444678707
wda_40006002_016,경상도 / 안동대도호부 / 진보현,慶尙道 / 安東大都護府 / 眞寶縣,5.0,경상도,진보현,眞寶縣,wda_40006002,안동대도호부,78,526,11,11,25,47,11,0,0,0,0,0,0,0,0,0,0,0,0,0,0,0,0,11,0,0,0,0,25,0,0,0,,眞寶,경상,경상_진보,129.07959033132104,36.5226914128738,247.3537183366716,221.732572448194
wda_40006002_017,경상도 / 안동대도호부 / 비안현,慶尙道 / 安東大都護府 / 比安縣,5.0,경상도,비안현,比安縣,wda_40006002,안동대도호부,463,1972,28,49,140,217,28,0,0,0,0,0,0,0,0,0,0,0,0,0,0,0,0,49,0,0,0,0,140,0,0,0,,比安,경상,경상_비안,128.49804294387553,36.38295584234919,218.6695240177214,189.41254701236932
wda_40006003,경상도 / 상주목,慶尙道 / 尙州牧,4.0,경상도,상주목,尙州牧,wda_40006003,상주목,2521,6275,134,131,540,805,134,0,0,94,0,0,0,0,0,0,0,0,0,0,0,0,0,37,0,0,0,0,540,0,0,0,,尙州,경상,경상_상주,128.10093702058387,36.44671979333063,1390.9568043872714,159.8847905766212
wda_40006003_001,경상도 / 상주목 / 성주목,慶尙道 / 尙州牧 / 星州牧,5.0,경상도,성주목,星州牧,wda_40006003,상주목,2446,9573,197,191,768,1156,197,0,0,0,0,0,0,0,0,0,0,0,0,0,63,0,0,128,0,0,0,0,768,0,0,0,,星州,경상,경상_성주,128.31718819804613,35.89652559369797,1301.6591169126332,220.55635833715667
wda_40006003_002,경상도 / 상주목 / 선산도호부,慶尙道 / 尙州牧 / 善山都護府,5.0,경상도,선산도호부,善山都護府,wda_40006003,상주목,1005,5607,165,65,285,515,165,0,0,41,0,0,0,0,0,0,0,0,0,0,0,0,0,24,0,0,0,0,285,0,0,0,,善山,경상,경상_선산,128.35459219046197,36.21929418385838,569.1422407478094,193.8212165195451
wda_40006003_003,경상도 / 상주목 / 합천군,慶尙道 / 尙州牧 / 陜川郡,5.0,경상도,합천군,陜川郡,wda_40006003,상주목,701,2361,36,38,236,310,36,0,0,16,0,0,0,0,0,0,0,0,0,0,0,0,0,22,0,0,0,0,236,0,0,0,,陜川,경상,경상_합천,128.13075221479906,35.62504047328509,503.0335236676037,238.44955890939525
wda_40006003_004,경상도 / 상주목 / 초계군,慶尙道 / 尙州牧 / 草溪郡,5.0,경상도,초계군,草溪郡,wda_40006003,상주목,463,2537,27,36,280,343,27,0,0,0,0,0,0,0,0,0,0,0,0,0,16,0,0,20,0,0,0,0,280,0,0,0,,草溪,경상,경상_초계,128.287215345533,35.56966858318953,211.7920033223927,250.30110098837255
wda_40006003_005,경상도 / 상주목 / 김산군,慶尙道 / 尙州牧 / 金山郡,5.0,경상도,김산군,金山郡,wda_40006003,상주목,533,3064,72,29,179,280,72,0,0,0,0,0,0,0,0,0,0,0,0,0,15,0,0,14,0,0,0,0,179,0,0,0,,金山,경상,경상_김산,128.08163943319929,36.12338127415053,399.0008189640939,187.9956787987415
wda_40006003_006,경상도 / 상주목 / 고령현,慶尙道 / 尙州牧 / 高靈縣,5.0,경상도,고령현,高靈縣,wda_40006003,상주목,287,1722,27,11,218,256,27,0,0,0,0,0,0,0,0,0,0,0,0,0,11,0,0,0,0,0,0,0,218,0,0,0,,高靈,경상,경상_고령,128.27774937742052,35.70017623252803,195.17995561659336,237.2498075911618
wda_40006003_007,경상도 / 상주목 / 개령현,慶尙道 / 尙州牧 / 開寧縣,5.0,경상도,개령현,開寧縣,wda_40006003,상주목,531,2359,65,14,146,225,65,0,0,0,0,0,0,0,0,0,0,0,0,0,5,0,0,9,0,0,0,0,146,0,0,0,,開寧,경상,경상_개령,128.21653655090617,36.13736969225291,221.2501894235611,193.4324407663545
wda_40006003_008,경상도 / 상주목 / 함창현,慶尙道 / 尙州牧 / 咸昌縣,5.0,경상도,함창현,咸昌縣,wda_40006003,상주목,368,2140,67,26,154,247,67,0,0,0,0,0,0,0,0,0,0,0,0,0,10,0,0,16,0,0,0,0,154,0,0,0,,咸昌,경상,경상_함창,128.1478237524455,36.55030363892161,155.68251726403832,154.0516498078856
wda_40006003_009,경상도 / 상주목 / 용궁현,慶尙道 / 尙州牧 / 龍宮縣,5.0,경상도,용궁현,龍宮縣,wda_40006003,상주목,396,2125,42,41,116,199,42,0,0,0,0,0,0,0,0,0,0,0,0,0,0,0,0,41,0,0,0,0,116,0,0,0,,龍宮,경상,경상_용궁,128.3592562572119,36.555308228746526,207.7662909254432,167.2905875170159
wda_40006003_010,경상도 / 상주목 / 문경현,慶尙道 / 尙州牧 / 聞慶縣,5.0,경상도,문경현,聞慶縣,wda_40006003,상주목,366,1785,50,25,53,128,50,0,0,0,0,0,0,0,0,25,0,0,0,0,0,0,0,0,0,0,0,0,53,0,0,0,,聞慶,경상,경상_문경,128.05928632195756,36.67731622218016,587.5026618205011,138.4072380314793
wda_40006003_011,경상도 / 상주목 / 군위현,慶尙道 / 尙州牧 / 軍威縣,5.0,경상도,군위현,軍威縣,wda_40006003,상주목,390,1052,19,37,88,144,19,0,0,0,0,0,0,0,0,0,0,0,0,0,0,0,0,37,0,0,0,0,88,0,0,0,,軍威,경상,경상_군위,128.54204851512677,36.21825265534936,225.0512626953423,205.1219331087289
wda_40006003_012,경상도 / 상주목 / 지례현,慶尙道 / 尙州牧 / 知禮縣,5.0,경상도,지례현,知禮縣,wda_40006003,상주목,230,1200,30,20,80,130,30,0,0,0,0,0,0,0,0,0,0,0,0,0,0,0,0,20,0,0,0,0,80,0,0,0,,知禮,경상,경상_지례,127.96731539611996,35.97152148546122,269.1603351943195,197.58261116891043
wda_40006004,경상도 / 진주목,慶尙道 / 晉州牧,4.0,경상도,진주목,晉州牧,wda_40006004,진주목,2220,7522,174,188,975,1337,174,0,0,0,0,0,0,0,0,188,0,0,0,0,0,0,0,0,0,0,0,0,975,0,0,0,,晉州,경상,경상_진주,127.97467382879626,35.188681799842136,1661.3584725260737,277.80116960306145
wda_40006004_001,경상도 / 진주목 / 김해도호부,慶尙道 / 晉州牧 / 金海都護府,5.0,경상도,김해도호부,金海都護府,wda_40006004,진주목,1390,8039,47,120,840,1007,47,0,0,0,0,0,0,0,0,120,0,0,0,0,0,0,0,0,0,0,0,0,840,0,0,0,,金海,경상,경상_김해,128.82172129716673,35.22925610546593,734.8207288458943,307.1851788690325
wda_40006004_002,경상도 / 진주목 / 창원도호부,慶尙道 / 晉州牧 / 昌原都護府,5.0,경상도,창원도호부,昌原都護府,wda_40006004,진주목,1094,4955,52,119,689,860,52,0,0,0,0,0,0,0,0,119,0,0,0,0,0,0,0,0,0,0,0,0,689,0,0,0,,昌原,경상,경상_창원,128.61779375888275,35.26234915482369,335.9295347519219,294.48274641268915
wda_40006004_003,경상도 / 진주목 / 함안군,慶尙道 / 晉州牧 / 咸安郡,5.0,경상도,함안군,咸安郡,wda_40006004,진주목,732,3266,64,76,370,510,64,0,0,0,0,0,0,0,0,76,0,0,0,0,0,0,0,0,0,0,0,0,370,0,0,0,,咸安,경상,경상_함안,128.3946761920607,35.26390919106832,330.2807048596442,284.7761701619706
wda_40006004_004,경상도 / 진주목 / 함양군,慶尙道 / 晉州牧 / 咸陽郡,5.0,경상도,함양군,咸陽郡,wda_40006004,진주목,428,1948,38,28,188,254,38,0,0,0,0,0,0,0,0,0,0,0,0,0,0,0,0,28,0,0,0,0,188,0,0,0,,咸陽,경상,경상_함양,127.71344899017625,35.4900045655785,459.8374129459262,238.9406747726228
wda_40006004_005,경상도 / 진주목 / 곤남군,慶尙道 / 晉州牧 / 昆南郡,5.0,경상도,곤남군,昆南郡,wda_40006004,진주목,271,1300,11,9,136,156,11,0,0,0,0,0,0,0,0,0,0,0,0,0,0,0,0,9,0,0,0,0,136,0,0,0,,昆南,경상,경상_곤양,127.93128561235088,34.917803454535104,542.640112310648,305.1732203697936
wda_40006004_006,경상도 / 진주목 / 고성현,慶尙道 / 晉州牧 / 固城縣,5.0,경상도,고성현,固城縣,wda_40006004,진주목,531,2885,30,90,327,447,30,0,0,0,0,0,0,0,0,90,0,0,0,0,0,0,0,0,0,0,0,0,327,0,0,0,,固城,경상,경상_고성,128.3158767697001,34.94668748249459,628.843365766108,313.7253233671018
wda_40006004_007,경상도 / 진주목 / 거제현,慶尙道 / 晉州牧 / 巨濟縣,5.0,경상도,거제현,巨濟縣,wda_40006004,진주목,153,423,0,103,0,103,0,0,0,0,103,0,0,0,0,0,0,0,0,0,0,0,0,0,0,0,0,0,0,0,0,0,,巨濟,경상,경상_거제,128.61180784333595,34.85844638878526,431.3019081018865,333.62882812096655
wda_40006004_008,경상도 / 진주목 / 사천현,慶尙道 / 晉州牧 / 泗川縣,5.0,경상도,사천현,泗川縣,wda_40006004,진주목,370,1817,23,17,228,268,23,0,0,0,0,0,0,0,0,17,0,0,0,0,0,0,0,0,0,0,0,0,228,0,0,0,,泗川,경상,경상_사천,128.1098965250435,35.03874459496233,140.894767370075,297.49183642562474
wda_40006004_009,경상도 / 진주목 / 거창현,慶尙道 / 晉州牧 / 居昌縣,5.0,경상도,거창현,居昌縣,wda_40006004,진주목,505,1640,47,39,268,354,47,0,0,0,0,0,0,0,0,0,0,0,0,0,0,0,0,39,0,0,0,0,268,0,0,0,,居昌,경상,경상_거창,127.94929687849486,35.74694369201138,491.8861719854176,219.3741861936166
wda_40006004_010,경상도 / 진주목 / 하동현,慶尙道 / 晉州牧 / 河東縣,5.0,경상도,하동현,河東縣,wda_40006004,진주목,346,1108,15,11,158,184,15,0,0,0,0,0,0,0,0,0,0,0,0,0,0,0,0,11,0,0,0,0,158,0,0,0,,河東,경상,경상_하동,127.83968351972617,35.06876666987686,158.56309350579977,286.8509764276268
wda_40006004_011,경상도 / 진주목 / 진성현,慶尙道 / 晉州牧 / 珍城縣,5.0,경상도,진성현,珍城縣,wda_40006004,진주목,373,1368,25,29,162,216,25,0,0,0,0,0,0,0,0,29,0,0,0,0,0,0,0,0,0,0,0,0,162,0,0,0,,珍城,경상,경상_단성,127.98815765178864,35.35839096002709,236.58644170314076,260.5371533201441
wda_40006004_012,경상도 / 진주목 / 칠원현,慶尙道 / 晉州牧 / 漆原縣,5.0,경상도,칠원현,漆原縣,wda_40006004,진주목,441,1631,30,28,225,283,30,0,0,0,0,0,0,0,0,28,0,0,0,0,0,0,0,0,0,0,0,0,225,0,0,0,,漆原,경상,경상_칠원,128.53867951190867,35.24896798294883,188.17177030816677,292.2688967971713
wda_40006004_013,경상도 / 진주목 / 산음현,慶尙道 / 晉州牧 / 山陰縣,5.0,경상도,산음현,山陰縣,wda_40006004,진주목,257,1138,18,14,188,220,18,0,0,0,0,0,0,0,0,0,0,0,0,0,0,0,0,14,0,0,0,0,188,0,0,0,,山陰,경상,경상_산음,127.86980661200732,35.45200100193056,265.7663341611624,247.19574310945185
wda_40006004_014,경상도 / 진주목 / 안음현,慶尙道 / 晉州牧 / 安陰縣,5.0,경상도,안음현,安陰縣,wda_40006004,진주목,481,793,35,34,188,257,35,0,0,0,0,0,0,0,0,0,0,0,0,0,0,0,0,34,0,0,0,0,188,0,0,0,,安陰,경상,경상_안음,127.76627771653692,35.70698370649412,483.9860168993473,217.5020071303067
wda_40006004_015,경상도 / 진주목 / 삼가현,慶尙道 / 晉州牧 / 三嘉縣,5.0,경상도,삼가현,三嘉縣,wda_40006004,진주목,307,2027,27,40,181,248,27,0,0,0,0,0,0,0,0,40,0,0,0,0,0,0,0,0,0,0,0,0,181,0,0,0,,三嘉,경상,경상_삼가,128.04077063103995,35.49911005719112,367.0610694698989,247.81181406747544
wda_40006004_016,경상도 / 진주목 / 의령현,慶尙道 / 晉州牧 / 宜寧縣,5.0,경상도,의령현,宜寧縣,wda_40006004,진주목,1059,2611,50,70,327,447,50,0,0,0,0,0,0,0,0,70,0,0,0,0,0,0,0,0,0,0,0,0,327,0,0,0,,宜寧,경상,경상_의령,128.28103890634415,35.38783121256121,436.0172036960721,267.95644213495365
wda_40006004_017,경상도 / 진주목 / 진해현,慶尙道 / 晉州牧 / 鎭海縣,5.0,경상도,진해현,鎭海縣,wda_40006004,진주목,202,953,6,2,107,115,6,0,0,0,0,0,0,0,0,2,0,0,0,0,0,0,0,0,0,0,0,0,107,0,0,0,,鎭海,경상,경상_진해,128.46304972469554,35.12856564856766,102.86357946321368,300.9164219444032
wda_40007001,전라도 / 전주부,全羅道 / 全州府,4.0,전라도,전주부,全州府,wda_40007001,전주부,1565,5829,77,178,826,1081,77,0,0,30,0,0,0,0,0,0,0,0,0,0,0,0,0,148,0,0,0,0,826,0,0,0,,全州,전라,전라_전주,127.12183298152344,35.860779751574455,805.8266210779548,189.00364791493624
wda_40007001_001,전라도 / 전주부 / 진산군,全羅道 / 全州府 / 珍山郡,5.0,전라도,진산군,珍山郡,wda_40007001,전주부,114,514,34,0,17,51,34,0,0,0,0,0,0,0,0,0,0,0,0,0,0,0,0,0,0,0,0,0,17,0,0,0,,珍山,전라,전라_진산,127.41225203933976,36.17593161724902,186.4587408080697,158.62501247911894
wda_40007001_002,전라도 / 전주부 / 금산군,全羅道 / 全州府 / 錦山郡,5.0,전라도,금산군,錦山郡,wda_40007001,전주부,452,1890,14,57,159,230,14,0,0,0,0,0,0,0,0,0,0,0,0,0,0,0,0,57,0,0,0,0,159,0,0,0,,錦山,전라,전라_금산,127.58629317351334,36.01599585187282,658.0805867277086,179.96002647421722
wda_40007001_003,전라도 / 전주부 / 익산군,全羅道 / 全州府 / 益山郡,5.0,전라도,익산군,益山郡,wda_40007001,전주부,319,1623,21,44,295,360,21,0,0,0,0,0,0,0,0,0,0,0,0,0,0,0,0,44,0,0,0,0,295,0,0,0,,益山,전라,전라_익산,127.02413408189084,35.98038649651257,128.72226665169,175.37900679013046
wda_40007001_004,전라도 / 전주부 / 고부군,全羅道 / 全州府 / 古阜郡,5.0,전라도,고부군,古阜郡,wda_40007001,전주부,357,1592,16,36,284,336,16,0,0,0,0,0,0,0,0,0,0,0,0,0,0,0,0,36,0,0,0,0,284,0,0,0,,古阜,전라,전라_고부,126.78957450117947,35.62417395190815,260.4309066720307,215.3779282480253
wda_40007001_005,전라도 / 전주부 / 김제군,全羅道 / 全州府 / 金堤郡,5.0,전라도,김제군,金堤郡,wda_40007001,전주부,409,2065,23,48,353,424,23,0,0,0,0,0,0,0,0,0,0,0,0,0,0,0,0,48,0,0,0,0,353,0,0,0,,金堤,전라,전라_김제,126.89872228984008,35.82023577651707,213.04702086746693,193.1648172532946
wda_40007001_006,전라도 / 전주부 / 금구현,全羅道 / 全州府 / 金溝縣,5.0,전라도,금구현,金溝縣,wda_40007001,전주부,262,1207,25,40,184,249,25,0,0,0,0,0,0,0,0,0,0,0,0,0,0,0,0,40,0,0,0,0,184,0,0,0,,金溝,전라,전라_금구,126.99227907299054,35.750703277096314,154.72297033295035,200.7293363395996
wda_40007001_007,전라도 / 전주부 / 만경현,全羅道 / 全州府 / 萬頃縣,5.0,전라도,만경현,萬頃縣,wda_40007001,전주부,172,727,7,26,160,193,7,0,0,0,0,0,0,0,0,0,0,0,0,0,0,0,0,26,0,0,0,0,160,0,0,0,,萬頃,전라,전라_만경,126.71513438795166,35.84017781644029,88.32574547827244,192.28280850115945
wda_40007001_008,전라도 / 전주부 / 임피현,全羅道 / 全州府 / 臨陂縣,5.0,전라도,임피현,臨陂縣,wda_40007001,전주부,396,1949,10,49,447,506,10,0,0,0,0,0,0,0,0,0,0,0,0,0,0,0,0,49,0,0,0,0,447,0,0,0,,臨陂,전라,전라_임피,126.82690785540342,35.983672975228906,172.5953502766788,175.48560529726214
wda_40007001_009,전라도 / 전주부 / 옥구현,全羅道 / 全州府 / 沃溝縣,5.0,전라도,옥구현,沃溝縣,wda_40007001,전주부,257,1194,9,36,213,258,9,0,0,0,0,0,0,0,0,0,0,0,0,0,0,0,0,36,0,0,0,0,213,0,0,0,,沃溝,전라,전라_옥구,126.7080046090564,35.933972051265634,103.759069878608,182.07867329343915
wda_40007001_010,전라도 / 전주부 / 함열현,全羅道 / 全州府 / 咸悅縣,5.0,전라도,함열현,咸悅縣,wda_40007001,전주부,288,1384,11,25,326,362,11,0,0,0,0,0,0,0,0,0,0,0,0,0,0,0,0,25,0,0,0,0,326,0,0,0,,咸悅,전라,전라_함열,126.92087397103008,36.066250867140745,113.04110554605722,165.91027783778972
wda_40007001_011,전라도 / 전주부 / 용안현,全羅道 / 全州府 / 龍安縣,5.0,전라도,용안현,龍安縣,wda_40007001,전주부,190,662,2,16,125,143,2,0,0,0,3,0,0,0,0,0,0,0,0,0,0,0,0,13,0,0,0,0,125,0,0,0,,龍安,전라,전라_용안,126.97122992851926,36.11608983159176,42.07029085233808,160.32320912973475
wda_40007001_012,전라도 / 전주부 / 부안현,全羅道 / 全州府 / 扶安縣,5.0,전라도,부안현,扶安縣,wda_40007001,전주부,323,1662,19,38,304,361,19,0,0,0,0,0,0,0,0,0,0,0,0,0,0,0,0,38,0,0,0,0,304,0,0,0,,扶安,전라,전라_부안,126.62134233829262,35.665757012939814,390.8652917779982,212.54481873284345
wda_40007001_013,전라도 / 전주부 / 정읍현,全羅道 / 全州府 / 井邑縣,5.0,전라도,정읍현,井邑縣,wda_40007001,전주부,130,858,19,10,129,158,19,0,0,0,0,0,0,0,0,0,0,0,0,0,0,0,0,10,0,0,0,0,129,0,0,0,,井邑,전라,전라_정읍,126.86152469925553,35.53331291853782,158.0295540764928,225.00280757215128
wda_40007001_014,전라도 / 전주부 / 태인현,全羅道 / 全州府 / 泰仁縣,5.0,전라도,태인현,泰仁縣,wda_40007001,전주부,247,1526,29,18,247,294,29,0,0,0,0,0,0,0,0,0,0,0,0,0,0,0,0,18,0,0,0,0,247,0,0,0,,泰仁,전라,전라_태인,126.98558804309847,35.62643852753576,333.9779576174915,214.4664648963284
wda_40007001_015,전라도 / 전주부 / 고산현,全羅道 / 全州府 / 高山縣,5.0,전라도,고산현,高山縣,wda_40007001,전주부,260,2028,16,48,44,108,16,0,0,0,0,0,0,0,0,0,0,0,0,0,0,0,0,48,0,0,0,0,44,0,0,0,,高山,전라,전라_고산,127.25433539944343,36.00762860418305,412.38756450265646,174.11611508021153
wda_40007001_016,전라도 / 전주부 / 여산현,全羅道 / 全州府 / 礪山縣,5.0,전라도,여산현,礪山縣,wda_40007001,전주부,312,1419,17,43,222,282,17,0,0,0,0,0,0,0,0,0,0,0,0,0,0,0,0,43,0,0,0,0,222,0,0,0,,礪山,전라,전라_여산,127.05741022525402,36.08253344555915,137.98344292864203,164.1926069604652
wda_40007002,전라도 / 나주목,全羅道 / 羅州牧,4.0,전라도,나주목,羅州牧,wda_40007002,나주목,1089,4026,59,155,670,884,59,0,0,0,0,0,0,0,0,155,0,0,0,0,0,0,0,0,0,0,0,0,670,0,0,0,,羅州,전라,전라_나주,126.37148463591828,34.8892520578308,1142.086116708815,300.9604768139242
wda_40007002_001,전라도 / 나주목 / 해진군,全羅道 / 羅州牧 / 海珍郡,5.0,전라도,해진군,海珍郡,wda_40007002,나주목,122,707,1,11,164,176,1,0,0,0,0,0,0,0,0,11,0,0,0,0,0,0,0,0,0,0,0,0,164,0,0,0,,海珍,전라,전라_해진,126.39337058579191,34.51275643274357,1055.017560686916,341.676441504993
wda_40007002_002,전라도 / 나주목 / 영암군,全羅道 / 羅州牧 / 靈巖郡,5.0,전라도,영암군,靈巖郡,wda_40007002,나주목,333,1229,25,26,259,310,25,0,0,0,0,0,0,0,0,0,0,0,0,0,26,0,0,0,0,0,0,0,259,0,0,0,,靈巖,전라,전라_영암,126.60988953408882,34.58369036701216,676.624359883368,331.4191312559902
wda_40007002_003,전라도 / 나주목 / 영광군,全羅道 / 羅州牧 / 靈光郡,5.0,전라도,영광군,靈光郡,wda_40007002,나주목,331,2137,32,76,293,401,32,0,0,0,0,0,0,0,0,0,0,0,0,0,0,0,0,76,0,0,0,0,293,0,0,0,,靈光,전라,전라_영광,126.43865223757987,35.222463601902106,698.5675139278173,263.6307604263716
wda_40007002_004,전라도 / 나주목 / 강진현,全羅道 / 羅州牧 / 康津縣,5.0,전라도,강진현,康津縣,wda_40007002,나주목,355,1644,29,54,252,335,29,0,0,0,0,0,0,0,0,0,0,0,0,0,54,0,0,0,0,0,0,0,252,0,0,0,,康津,전라,전라_강진,126.78492777794412,34.53524328239432,661.6080817356706,335.56902976555176
wda_40007002_005,전라도 / 나주목 / 무장현,全羅道 / 羅州牧 / 茂長縣,5.0,전라도,무장현,茂長縣,wda_40007002,나주목,356,2033,9,90,335,434,9,0,0,0,0,0,0,0,0,0,0,0,0,0,0,0,0,90,0,0,0,0,335,0,0,0,,茂長,전라,전라_무장,126.55549316529294,35.41980649988146,307.75416219234467,240.3301437186881
wda_40007002_006,전라도 / 나주목 / 함평현,全羅道 / 羅州牧 / 咸平縣,5.0,전라도,함평현,咸平縣,wda_40007002,나주목,315,1608,28,55,379,462,28,0,0,0,0,0,0,0,0,55,0,0,0,0,0,0,0,0,0,0,0,0,379,0,0,0,,咸平,전라,전라_함평,126.49934610818454,35.129392404907136,360.8542709760368,272.8379901964989
wda_40007002_007,전라도 / 나주목 / 남평현,全羅道 / 羅州牧 / 南平縣,5.0,전라도,남평현,南平縣,wda_40007002,나주목,236,1333,56,43,178,277,56,0,0,0,0,0,0,0,0,0,0,0,0,0,43,0,0,0,0,0,0,0,178,0,0,0,,南平,전라,전라_남평,126.81785338386736,34.980453014308004,230.90897031873465,286.2533170209596
wda_40007002_008,전라도 / 나주목 / 무안현,全羅道 / 羅州牧 / 務安縣,5.0,전라도,무안현,務安縣,wda_40007002,나주목,315,1030,17,9,237,263,17,0,0,0,0,0,0,0,0,0,0,0,0,0,9,0,0,0,0,0,0,0,237,0,0,0,,務安,전라,전라_무안,126.48330050895343,34.9491216527391,324.5546371564269,292.75479776317604
wda_40007002_009,전라도 / 나주목 / 고창현,全羅道 / 羅州牧 / 高敞縣,5.0,전라도,고창현,高敞縣,wda_40007002,나주목,164,974,9,30,191,230,9,0,0,0,0,0,0,0,0,0,0,0,0,0,0,0,0,30,0,0,0,0,191,0,0,0,,高敞,전라,전라_고창,126.67345232327992,35.42721266861864,127.04041569307446,238.0690556281703
wda_40007002_010,전라도 / 나주목 / 흥덕현,全羅道 / 羅州牧 / 興德縣,5.0,전라도,흥덕현,興德縣,wda_40007002,나주목,216,1051,23,52,198,273,23,0,0,0,0,0,0,0,0,0,0,0,0,0,0,0,0,52,0,0,0,0,198,0,0,0,,興德,전라,전라_흥덕,126.71077676453908,35.51210350046539,126.08360547199844,228.3696317952185
wda_40007002_011,전라도 / 나주목 / 장성현,全羅道 / 羅州牧 / 長城縣,5.0,전라도,장성현,長城縣,wda_40007002,나주목,183,840,13,23,140,176,13,0,0,0,0,0,0,0,0,0,0,0,0,0,0,0,0,23,0,0,0,0,140,0,0,0,,長城,전라,전라_장성,126.82408541703587,35.39028288706333,233.88207853212955,240.97158303987536
wda_40007003,전라도 / 남원도호부,全羅道 / 南原都護府,4.0,전라도,남원도호부,南原都護府,wda_40007003,남원도호부,1300,4912,117,149,567,833,117,0,0,0,63,0,0,0,0,0,0,0,0,0,0,0,0,86,0,0,0,0,567,0,0,0,,南原,전라,전라_남원,127.3949601729362,35.434352913294056,957.5925087928772,238.6914360166616
wda_40007003_001,전라도 / 남원도호부 / 순창군,全羅道 / 南原都護府 / 淳昌郡,5.0,전라도,순창군,淳昌郡,wda_40007003,남원도호부,317,1092,36,35,199,270,36,0,0,0,0,0,0,0,0,0,0,0,0,0,0,0,0,35,0,0,0,0,199,0,0,0,,淳昌,전라,전라_순창,127.07275857527571,35.43254741672062,448.8640342354775,236.06196772186811
wda_40007003_002,전라도 / 남원도호부 / 용담현,全羅道 / 南原都護府 / 龍潭縣,5.0,전라도,용담현,龍潭縣,wda_40007003,남원도호부,86,274,2,12,59,73,2,0,0,0,0,0,0,0,0,0,0,0,0,0,0,0,0,12,0,0,0,0,59,0,0,0,,龍潭,전라,전라_용담,127.47318631440976,35.91762305119935,313.6770783811808,187.66557125559495
wda_40007003_003,전라도 / 남원도호부 / 구례현,全羅道 / 南原都護府 / 求禮縣,5.0,전라도,구례현,求禮縣,wda_40007003,남원도호부,137,677,16,12,115,143,16,0,0,0,12,0,0,0,0,0,0,0,0,0,0,0,0,0,0,0,0,0,115,0,0,0,,求禮,전라,전라_구례,127.51922883206043,35.20871004054115,311.4775509685278,265.18989602384056
wda_40007003_004,전라도 / 남원도호부 / 임실현,全羅道 / 南原都護府 / 任實縣,5.0,전라도,임실현,任實縣,wda_40007003,남원도호부,138,803,10,24,160,194,10,0,0,0,0,0,0,0,0,0,0,0,0,0,0,0,0,24,0,0,0,0,160,0,0,0,,任實,전라,전라_임실,127.22588049550106,35.61278386433582,492.46985441446304,217.1348873355709
wda_40007003_005,전라도 / 남원도호부 / 운봉현,全羅道 / 南原都護府 / 雲峯縣,5.0,전라도,운봉현,雲峯縣,wda_40007003,남원도호부,139,551,7,24,0,31,7,0,0,0,22,0,0,0,0,0,0,0,0,0,0,0,0,2,0,0,0,0,0,0,0,0,,雲峯,전라,전라_운봉,127.57958983493384,35.425684916817296,239.5011395253241,242.8056955299711
wda_40007003_006,전라도 / 남원도호부 / 장수현,全羅道 / 南原都護府 / 長水縣,5.0,전라도,장수현,長水縣,wda_40007003,남원도호부,320,812,9,18,159,186,9,0,0,0,0,0,0,0,0,0,0,0,0,0,0,0,0,17,1,0,0,0,159,0,0,0,,長水,전라,전라_장수,127.55482529511556,35.69730375494424,373.5233715847135,213.08137451607837
wda_40007003_007,전라도 / 남원도호부 / 무주현,全羅道 / 南原都護府 / 茂朱縣,5.0,전라도,무주현,茂朱縣,wda_40007003,남원도호부,172,715,4,6,9,19,4,0,0,0,0,0,0,0,0,0,0,0,0,0,0,0,0,6,0,0,0,0,9,0,0,0,,茂朱,전라,전라_무주,127.72478270965314,35.964905341359085,357.2585611157119,189.41576360365397
wda_40007003_008,전라도 / 남원도호부 / 진안현,全羅道 / 南原都護府 / 鎭安縣,5.0,전라도,진안현,鎭安縣,wda_40007003,남원도호부,169,722,13,33,95,141,13,0,0,0,0,0,0,0,0,0,0,0,0,0,0,0,0,33,0,0,0,0,95,0,0,0,,鎭安,전라,전라_진안,127.4014580652701,35.76995607072687,470.83617056533694,202.2413141282215
wda_40007003_009,전라도 / 남원도호부 / 곡성현,全羅道 / 南原都護府 / 谷城縣,5.0,전라도,곡성현,谷城縣,wda_40007003,남원도호부,148,657,11,10,110,131,11,0,0,0,0,0,0,0,0,0,0,0,0,0,0,0,0,10,0,0,0,0,110,0,0,0,,谷城,전라,전라_곡성,127.29042755830936,35.18584541800467,368.2333159931004,264.69261248647524
wda_40007003_010,전라도 / 남원도호부 / 광양현,全羅道 / 南原都護府 / 光陽縣,5.0,전라도,광양현,光陽縣,wda_40007003,남원도호부,228,1220,6,17,105,128,6,0,0,0,15,0,0,0,0,0,0,0,0,0,0,0,0,2,0,0,0,0,105,0,0,0,,光陽,전라,전라_광양,127.65130684042282,35.02872241132818,417.0994281433522,287.0541280545299
wda_40007004,전라도 / 장흥도호부,全羅道 / 長興都護府,4.0,전라도,장흥도호부,長興都護府,wda_40007004,장흥도호부,276,1041,21,22,187,230,21,0,0,0,0,0,0,0,0,22,0,0,0,0,0,0,0,0,0,0,0,0,187,0,0,0,,長興,전라,전라_장흥,126.9488500129514,34.657721502959525,732.4780860058963,321.589979449835
wda_40007004_001,전라도 / 장흥도호부 / 담양도호부,全羅道 / 長興都護府 / 潭陽都護府,5.0,전라도,담양도호부,潭陽都護府,wda_40007004,장흥도호부,346,1760,48,79,250,377,48,0,0,0,0,0,0,0,0,79,0,0,0,0,0,0,0,0,0,0,0,0,250,0,0,0,,潭陽,전라,전라_담양,127.01091968386066,35.31915941071826,287.2815200202167,248.46093123264288
wda_40007004_002,전라도 / 장흥도호부 / 순천도호부,全羅道 / 長興都護府 / 順天都護府,5.0,전라도,순천도호부,順天都護府,wda_40007004,장흥도호부,467,2618,17,79,0,96,17,0,0,0,79,0,0,0,0,0,0,0,0,0,0,0,0,0,0,0,0,0,0,0,0,0,,順天,전라,전라_순천,127.50407087639688,34.89974789696034,1172.5911604762075,298.6150488392736
wda_40007004_003,전라도 / 장흥도호부 / 무진군,全羅道 / 長興都護府 / 茂珍郡,5.0,전라도,무진군,茂珍郡,wda_40007004,장흥도호부,860,4182,75,277,571,923,75,0,0,8,0,0,0,0,0,269,0,0,0,0,0,0,0,0,0,0,0,0,571,0,0,0,,茂珍,전라,전라_광주,126.8756185159067,35.16130769885038,397.4090923927725,266.0531607545054
wda_40007004_004,전라도 / 장흥도호부 / 보성군,全羅道 / 長興都護府 / 寶城郡,5.0,전라도,보성군,寶城郡,wda_40007004,장흥도호부,253,1245,12,31,205,248,12,0,0,0,0,0,0,0,0,31,0,0,0,0,0,0,0,0,0,0,0,0,205,0,0,0,,寶城,전라,전라_보성,127.14705306323737,34.836428500754664,459.23636838421226,302.207944716645
wda_40007004_005,전라도 / 장흥도호부 / 낙안군,全羅道 / 長興都護府 / 樂安郡,5.0,전라도,낙안군,樂安郡,wda_40007004,장흥도호부,306,1439,13,25,166,204,13,0,0,0,0,0,0,0,0,0,0,0,0,0,0,0,0,25,0,0,0,0,166,0,0,0,,樂安,전라,전라_낙안,127.33205449418662,34.87863487291402,225.11041279137132,298.86820953291425
wda_40007004_006,전라도 / 장흥도호부 / 고흥현,全羅道 / 長興都護府 / 高興縣,5.0,전라도,고흥현,高興縣,wda_40007004,장흥도호부,157,686,8,46,59,113,8,0,0,0,0,0,0,0,0,0,0,0,0,0,0,0,0,46,0,0,0,0,59,0,0,0,,高興,전라,전라_흥양,127.32019233542428,34.57598517365136,728.1967553682625,332.059465996309
wda_40007004_007,전라도 / 장흥도호부 / 능성현,全羅道 / 長興都護府 / 綾城縣,5.0,전라도,능성현,綾城縣,wda_40007004,장흥도호부,139,763,9,40,101,150,9,0,0,0,0,0,0,0,0,40,0,0,0,0,0,0,0,0,0,0,0,0,101,0,0,0,,綾城,전라,전라_능주,126.972666851091,34.93138195171812,358.8539636954665,291.32051744812435
wda_40007004_008,전라도 / 장흥도호부 / 창평현,全羅道 / 長興都護府 / 昌平縣,5.0,전라도,창평현,昌平縣,wda_40007004,장흥도호부,219,952,34,45,138,217,34,0,0,0,0,0,0,0,0,45,0,0,0,0,0,0,0,0,0,0,0,0,138,0,0,0,,昌平,전라,전라_창평,126.97528523439436,35.238874907873,142.37393995001912,257.3195762781745
wda_40007004_009,전라도 / 장흥도호부 / 화순현,全羅道 / 長興都護府 / 和順縣,5.0,전라도,화순현,和順縣,wda_40007004,장흥도호부,209,615,19,34,40,93,19,0,0,0,0,0,0,0,0,34,0,0,0,0,0,0,0,0,0,0,0,0,40,0,0,0,,和順,전라,전라_화순,127.003848693477,35.051446821070655,130.52036966755986,278.05471691578407
wda_40007004_010,전라도 / 장흥도호부 / 동복현,全羅道 / 長興都護府 / 同福縣,5.0,전라도,동복현,同福縣,wda_40007004,장흥도호부,90,289,2,40,24,66,2,0,0,0,0,0,0,0,0,40,0,0,0,0,0,0,0,0,0,0,0,0,24,0,0,0,,同福,전라,전라_동복,127.12401217500036,35.08611631722636,284.2954743131995,274.5301069952634
wda_40007004_011,전라도 / 장흥도호부 / 옥과현,全羅道 / 長興都護府 / 玉果縣,5.0,전라도,옥과현,玉果縣,wda_40007004,장흥도호부,136,837,17,34,117,168,17,0,0,0,0,0,0,0,0,0,0,34,0,0,0,0,0,0,0,0,0,0,117,0,0,0,,玉果,전라,전라_옥과,127.16119237826854,35.26444867608241,145.07215532660484,255.03179452171057
wda_40007004_012,전라도 / 장흥도호부 / 진원현,全羅道 / 長興都護府 / 珍原縣,5.0,전라도,진원현,珍原縣,wda_40007004,장흥도호부,144,747,21,51,106,178,21,0,0,0,0,0,0,0,0,51,0,0,0,0,0,0,0,0,0,0,0,0,106,0,0,0,,珍原,전라,전라_진원,126.7733603165803,35.29695967333529,134.2510431110859,251.56625985221808
wda_40007005,전라도 / 제주목,全羅道 / 濟州牧,4.0,전라도,제주목,濟州牧,wda_40007005,제주목,5207,8324,0,2066,0,2066,0,0,0,0,0,0,0,0,0,0,0,0,0,1223,0,0,0,0,0,843,0,0,0,0,0,0,,濟州,전라,전라_제주,126.53095498685808,33.43852918526024,942.2023139558733,458.1554239943224
wda_40007005_001,전라도 / 제주목 / 정의현,全羅道 / 濟州牧 / 旌義縣,5.0,전라도,정의현,旌義縣,wda_40007005,제주목,685,2073,0,630,0,630,0,0,0,0,0,0,0,0,0,0,0,0,0,254,0,0,0,0,0,376,0,0,0,0,0,0,,旌義,전라,전라_정의,126.70979962592428,33.35001914980936,522.7510279230773,466.7985428046789
wda_40007005_002,전라도 / 제주목 / 대정현,全羅道 / 濟州牧 / 大靜縣,5.0,전라도,대정현,大靜縣,wda_40007005,제주목,1357,8500,0,670,0,670,0,0,0,0,0,0,0,0,0,0,0,0,0,468,0,0,0,0,0,202,0,0,0,0,0,0,,大靜,전라,전라_대정,126.36981828918312,33.28266395949654,320.36947122588754,476.77185336578566
wda_40005001,충청도 / 충주목,忠淸道 / 忠州牧,4.0,충청도,충주목,忠州牧,wda_40005001,충주목,1871,7452,440,0,465,905,440,0,0,0,0,0,0,0,0,0,0,0,0,0,0,0,0,0,0,0,0,0,465,0,0,0,,忠州,충청,충청_충주,127.8378710856903,36.99883198689409,1514.3914590626955,99.71924832342108
wda_40005001_001,충청도 / 충주목 / 단양군,忠淸道 / 忠州牧 / 丹陽郡,5.0,충청도,단양군,丹陽郡,wda_40005001,충주목,235,724,26,0,26,52,26,0,0,0,0,0,0,0,0,0,0,0,0,0,0,0,0,0,0,0,0,0,26,0,0,0,,丹陽,충청,충청_단양,128.33626653195935,36.93651935898935,424.5095306672156,140.81986025398103
wda_40005001_002,충청도 / 충주목 / 청풍군,忠淸道 / 忠州牧 / 淸風郡,5.0,충청도,청풍군,淸風郡,wda_40005001,충주목,191,656,26,0,21,47,26,0,0,0,0,0,0,0,0,0,0,0,0,0,0,0,0,0,0,0,0,0,21,0,0,0,,淸風,충청,충청_청풍,128.15173054369018,36.98109412009575,297.08340414613485,123.9987551716595
wda_40005001_003,충청도 / 충주목 / 괴산군,忠淸道 / 忠州牧 / 槐山郡,5.0,충청도,괴산군,槐山郡,wda_40005001,충주목,445,1303,66,0,137,203,66,0,0,0,0,0,0,0,0,0,0,0,0,0,0,0,0,0,0,0,0,0,137,0,0,0,,槐山,충청,충청_괴산,127.78720563424582,36.79625921685511,296.99985898658633,112.10910011133711
wda_40005001_004,충청도 / 충주목 / 음성현,忠淸道 / 忠州牧 / 陰城縣,5.0,충청도,음성현,陰城縣,wda_40005001,충주목,171,726,33,0,46,79,33,0,0,0,0,0,0,0,0,0,0,0,0,0,0,0,0,0,0,0,0,0,46,0,0,0,,陰城,충청,충청_음성,127.65257504307716,36.91526291907175,146.15738568082452,94.22966647404674
wda_40005001_005,충청도 / 충주목 / 연풍현,忠淸道 / 忠州牧 / 延豊縣,5.0,충청도,연풍현,延豊縣,wda_40005001,충주목,143,341,20,0,13,33,20,0,0,0,0,0,0,0,0,0,0,0,0,0,0,0,0,0,0,0,0,0,13,0,0,0,,延豊,충청,충청_연풍,127.98183623929316,36.8018692168344,237.37219400703907,123.80819827022718
wda_40005001_006,충청도 / 충주목 / 제천현,忠淸道 / 忠州牧 / 堤川縣,5.0,충청도,제천현,堤川縣,wda_40005001,충주목,415,1235,93,0,70,163,93,0,0,0,0,0,0,0,0,0,0,0,0,0,0,0,0,0,0,0,0,0,70,0,0,0,,堤川,충청,충청_제천,128.1289730985104,37.161594884464485,455.6921685561538,112.97302830340182
wda_40005001_007,충청도 / 충주목 / 영춘현,忠淸道 / 忠州牧 / 永春縣,5.0,충청도,영춘현,永春縣,wda_40005001,충주목,195,582,27,0,15,42,27,0,0,0,0,0,0,0,0,0,0,0,0,0,0,0,0,0,0,0,0,0,15,0,0,0,,永春,충청,충청_영춘,128.4433232696484,37.060124241052776,374.28208927065134,143.41512274124582
wda_40005002,충청도 / 청주목,忠淸道 / 淸州牧,4.0,충청도,청주목,淸州牧,wda_40005002,청주목,1589,6738,230,203,475,908,230,0,0,0,50,0,0,0,0,0,0,0,0,0,0,0,0,153,0,0,0,0,475,0,0,0,,淸州,충청,충청_청주,127.5393698312449,36.65557923486293,993.1341928392648,112.69129897088004
wda_40005002_001,충청도 / 청주목 / 천안군,忠淸道 / 淸州牧 / 天安郡,5.0,충청도,천안군,天安郡,wda_40005002,청주목,506,2385,14,6,203,223,14,0,0,0,0,0,0,0,0,0,0,0,0,0,0,0,0,6,0,0,0,0,203,0,0,0,,天安,충청,충청_천안,127.08693228324464,36.761068422927934,238.14711936935785,89.55345442968324
wda_40005002_002,충청도 / 청주목 / 옥천군,忠淸道 / 淸州牧 / 沃川郡,5.0,충청도,옥천군,沃川郡,wda_40005002,청주목,558,1834,88,10,87,185,88,0,0,0,10,0,0,0,0,0,0,0,0,0,0,0,0,0,0,0,0,0,87,0,0,0,,沃川,충청,충청_옥천,127.62840989504576,36.25761078357905,542.8193468898535,156.11596990602368
wda_40005002_003,충청도 / 청주목 / 문의현,忠淸道 / 淸州牧 / 文義縣,5.0,충청도,문의현,文義縣,wda_40005002,청주목,353,1871,18,174,26,218,18,0,0,0,0,0,0,0,50,0,0,0,0,0,0,0,0,124,0,0,0,0,26,0,0,0,,文義,충청,충청_문의,127.4687090051202,36.50161103913062,169.57819160446525,125.74903369648898
wda_40005002_004,충청도 / 청주목 / 목천현,忠淸道 / 淸州牧 / 木川縣,5.0,충청도,목천현,木川縣,wda_40005002,청주목,404,2186,8,3,191,202,8,0,0,0,0,0,0,0,0,0,0,0,0,0,0,0,0,3,0,0,0,0,191,0,0,0,,木川,충청,충청_목천,127.27665145346766,36.793445792007546,249.13793225586411,89.58573031147792
wda_40005002_005,충청도 / 청주목 / 죽산현,忠淸道 / 淸州牧 / 竹山縣,5.0,충청도,죽산현,竹山縣,wda_40005002,청주목,470,2118,28,0,135,163,28,0,0,0,0,0,0,0,0,0,0,0,0,0,0,0,0,0,0,0,0,0,135,0,0,0,,竹山,충청,경기_죽산,127.39020533799832,37.10028761447506,257.5911380685866,63.53444612833432
wda_40005002_006,충청도 / 청주목 / 청안현,忠淸道 / 淸州牧 / 靑安縣,5.0,충청도,청안현,靑安縣,wda_40005002,청주목,293,1419,90,50,48,188,90,0,0,0,0,0,0,0,0,0,0,0,0,0,0,0,0,50,0,0,0,0,48,0,0,0,,靑安,충청,충청_청안,127.62212527441504,36.77008010658371,181.60330536216495,105.45618540521944
wda_40005002_007,충청도 / 청주목 / 전의현,忠淸道 / 淸州牧 / 全義縣,5.0,충청도,전의현,全義縣,wda_40005002,청주목,166,572,2,0,92,94,2,0,0,0,0,0,0,0,0,0,0,0,0,0,0,0,0,0,0,0,0,0,92,0,0,0,,全義,충청,충청_전의,127.2121252276078,36.66246832921878,122.40482546389104,102.12651557027164
wda_40005002_008,충청도 / 청주목 / 연기현,忠淸道 / 淸州牧 / 燕岐縣,5.0,충청도,연기현,燕岐縣,wda_40005002,청주목,348,1446,8,10,156,174,8,0,0,0,0,0,0,0,0,0,0,0,0,0,0,0,0,10,0,0,0,0,156,0,0,0,,燕岐,충청,충청_연기,127.27374144896662,36.56101595873749,141.10929844155908,114.2934214709602
wda_40005002_009,충청도 / 청주목 / 직산현,忠淸道 / 淸州牧 / 稷山縣,5.0,충청도,직산현,稷山縣,wda_40005002,청주목,553,2111,40,0,254,294,40,0,0,0,0,0,0,0,0,0,0,0,0,0,0,0,0,0,0,0,0,0,254,0,0,0,,稷山,충청,충청_직산,127.14273059899251,36.91303868795533,183.83139049634335,73.72715846430404
wda_40005002_010,충청도 / 청주목 / 평택현,忠淸道 / 淸州牧 / 平澤縣,5.0,충청도,평택현,平澤縣,wda_40005002,청주목,179,704,8,3,78,89,8,0,0,0,0,0,0,0,0,0,0,0,0,0,0,0,0,3,0,0,0,0,78,0,0,0,,平澤,충청,충청_평택,127.0508638185512,36.96474464999726,45.95069253072143,66.81518018407594
wda_40005002_011,충청도 / 청주목 / 온수현,忠淸道 / 淸州牧 / 溫水縣,5.0,충청도,온수현,溫水縣,wda_40005002,청주목,343,1516,21,0,96,117,21,0,0,0,0,0,0,0,0,0,0,0,0,0,0,0,0,0,0,0,0,0,96,0,0,0,,溫水,충청,충청_온양,127.02626319142064,36.7446909033505,170.011653162539,90.92373947706874
wda_40005002_012,충청도 / 청주목 / 신창현,忠淸道 / 淸州牧 / 新昌縣,5.0,충청도,신창현,新昌縣,wda_40005002,청주목,338,1555,12,28,63,103,12,0,0,0,0,0,0,0,0,0,0,0,0,0,0,0,0,28,0,0,0,0,63,0,0,0,,新昌,충청,충청_신창,126.91287240717642,36.7696602623072,113.08956383913755,88.24366262594587
wda_40005002_013,충청도 / 청주목 / 아산현,忠淸道 / 淸州牧 / 牙山縣,5.0,충청도,아산현,牙山縣,wda_40005002,청주목,482,1822,17,55,250,322,17,0,0,0,0,0,0,0,0,0,0,0,0,0,0,0,0,55,0,0,0,0,250,0,0,0,,牙山,충청,충청_아산,126.98567248176371,36.86158528051585,213.8193813189864,77.89386904289367
wda_40005002_014,충청도 / 청주목 / 영동현,忠淸道 / 淸州牧 / 永同縣,5.0,충청도,영동현,永同縣,wda_40005002,청주목,227,951,45,13,85,143,45,0,0,0,13,0,0,0,0,0,0,0,0,0,0,0,0,0,0,0,0,0,85,0,0,0,,永同,충청,충청_영동,127.77824222014074,36.17074087848064,377.8856567703188,170.32072340548137
wda_40005002_015,충청도 / 청주목 / 황간현,忠淸道 / 淸州牧 / 黃澗縣,5.0,충청도,황간현,黃澗縣,wda_40005002,청주목,308,742,29,4,91,124,29,0,0,4,0,0,0,0,0,0,0,0,0,0,0,0,0,0,0,0,0,0,91,0,0,0,,黃澗,충청,충청_황간,127.92532041361208,36.16401460387284,319.2345179282129,176.9923011900603
wda_40005002_016,충청도 / 청주목 / 회인현,忠淸道 / 淸州牧 / 懷仁縣,5.0,충청도,회인현,懷仁縣,wda_40005002,청주목,146,633,12,18,37,67,12,0,0,0,0,0,0,0,0,0,0,0,0,0,0,0,0,18,0,0,0,0,37,0,0,0,,懷仁,충청,충청_회인,127.59132861689004,36.488178404014704,146.56374949216843,131.39499126122112
wda_40005002_017,충청도 / 청주목 / 보은현,忠淸道 / 淸州牧 / 報恩縣,5.0,충청도,보은현,報恩縣,wda_40005002,청주목,327,1457,64,1,136,201,64,0,0,1,0,0,0,0,0,0,0,0,0,0,0,0,0,0,0,0,0,0,136,0,0,0,,報恩,충청,충청_보은,127.77210451385211,36.48838310574577,429.19219620898366,139.01727494981913
wda_40005002_018,충청도 / 청주목 / 청산현,忠淸道 / 淸州牧 / 靑山縣,5.0,충청도,청산현,靑山縣,wda_40005002,청주목,235,607,25,6,69,100,25,0,0,6,0,0,0,0,0,0,0,0,0,0,0,0,0,0,0,0,0,0,69,0,0,0,,靑山,충청,충청_청산,127.75552288582747,36.36811828138875,183.4196637310088,149.86704085865617
wda_40005002_019,충청도 / 청주목 / 진천현,忠淸道 / 淸州牧 / 鎭川縣,5.0,충청도,진천현,鎭川縣,wda_40005002,청주목,550,1923,58,10,213,281,58,0,0,0,0,0,0,0,0,0,0,0,0,0,0,0,0,10,0,0,0,0,213,0,0,0,,鎭川,충청,충청_진천,127.43649040291956,36.87336670207049,390.3898003324866,87.05194623525347
wda_40005003,충청도 / 공주목,忠淸道 / 公州牧,4.0,충청도,공주목,公州牧,wda_40005003,공주목,2167,10049,78,203,699,980,78,0,0,0,0,0,0,0,0,0,0,0,0,0,0,0,0,203,0,0,0,0,699,0,0,0,,公州,충청,충청_공주,127.16026009906376,36.451233531195406,1282.2256229668856,124.3641986812676
wda_40005003_001,충청도 / 공주목 / 임천군,忠淸道 / 公州牧 / 林川郡,5.0,충청도,임천군,林川郡,wda_40005003,공주목,460,1671,13,2,287,302,13,0,0,0,2,0,0,0,0,0,0,0,0,0,0,0,0,0,0,0,0,0,287,0,0,0,,林川,충청,충청_임천,126.89005743898076,36.17858227454362,199.19033263996243,153.61201638515155
wda_40005003_002,충청도 / 공주목 / 한산군,忠淸道 / 公州牧 / 韓山郡,5.0,충청도,한산군,韓山郡,wda_40005003,공주목,342,1607,6,5,206,217,6,0,0,0,5,0,0,0,0,0,0,0,0,0,0,0,0,0,0,0,0,0,206,0,0,0,,韓山,충청,충청_한산,126.79176829962546,36.08801143686832,104.37639139965177,164.2763100302243
wda_40005003_003,충청도 / 공주목 / 서천군,忠淸道 / 公州牧 / 舒川郡,5.0,충청도,서천군,舒川郡,wda_40005003,공주목,421,1876,9,224,0,233,9,0,0,0,0,0,0,0,0,0,0,0,0,0,0,0,0,224,0,0,0,0,0,0,0,0,,舒川,충청,충청_서천,126.71007967797765,36.08768070697773,137.2651076503098,165.2217811495897
wda_40005003_004,충청도 / 공주목 / 남포현,忠淸道 / 公州牧 / 藍浦縣,5.0,충청도,남포현,藍浦縣,wda_40005003,공주목,180,949,2,17,61,80,2,0,0,0,0,0,0,0,0,0,0,0,0,0,0,0,0,17,0,0,0,0,61,0,0,0,,藍浦,충청,충청_남포,126.6310170788659,36.2599212958289,244.44384739920497,147.7415007127307
wda_40005003_005,충청도 / 공주목 / 비인현,忠淸道 / 公州牧 / 庇仁縣,5.0,충청도,비인현,庇仁縣,wda_40005003,공주목,166,651,4,28,57,89,4,0,0,0,28,0,0,0,0,0,0,0,0,0,0,0,0,0,0,0,0,0,57,0,0,0,,庇仁,충청,충청_비인,126.62858748520762,36.141778065013256,113.95893246307968,160.57748842129104
wda_40005003_006,충청도 / 공주목 / 정산현,忠淸道 / 公州牧 / 定山縣,5.0,충청도,정산현,定山縣,wda_40005003,공주목,258,1113,13,5,124,142,13,0,0,0,0,0,0,0,0,0,0,0,0,0,0,0,0,5,0,0,0,0,124,0,0,0,,定山,충청,충청_정산,126.93510623027264,36.39107178037916,183.7556393481791,129.9712869837077
wda_40005003_007,충청도 / 공주목 / 홍산현,忠淸道 / 公州牧 / 鴻山縣,5.0,충청도,홍산현,鴻山縣,wda_40005003,공주목,348,1971,16,16,174,206,16,0,0,0,0,0,0,0,0,0,0,0,0,0,0,0,0,16,0,0,0,0,174,0,0,0,,鴻山,충청,충청_홍산,126.75752165784309,36.26468733291858,190.7951156720519,145.2426285617263
wda_40005003_008,충청도 / 공주목 / 은진현,忠淸道 / 公州牧 / 恩津縣,5.0,충청도,은진현,恩津縣,wda_40005003,공주목,506,1717,22,52,258,332,22,0,0,0,52,0,0,0,0,0,0,0,0,0,0,0,0,0,0,0,0,0,258,0,0,0,,恩津,충청,충청_은진,127.1232959473146,36.1468615357862,146.39415640756488,157.47196401908042
wda_40005003_009,충청도 / 공주목 / 연산현,忠淸道 / 公州牧 / 連山縣,5.0,충청도,연산현,連山縣,wda_40005003,공주목,378,1487,9,2,162,173,9,0,0,0,0,0,0,0,0,0,0,0,0,0,0,0,0,2,0,0,0,0,162,0,0,0,,連山,충청,충청_연산,127.22636385058314,36.22177642423562,237.357037961483,150.3231832467012
wda_40005003_010,충청도 / 공주목 / 회덕현,忠淸道 / 公州牧 / 懷德縣,5.0,충청도,회덕현,懷德縣,wda_40005003,공주목,300,1266,7,4,149,160,7,0,0,0,4,0,0,0,0,0,0,0,0,0,0,0,0,0,0,0,0,0,149,0,0,0,,懷德,충청,충청_회덕,127.45293176731622,36.38248448806421,157.5686470977962,137.70656787439134
wda_40005003_011,충청도 / 공주목 / 석성현,忠淸道 / 公州牧 / 石城縣,5.0,충청도,석성현,石城縣,wda_40005003,공주목,395,1208,11,23,150,184,11,0,0,0,23,0,0,0,0,0,0,0,0,0,0,0,0,0,0,0,0,0,150,0,0,0,,石城,충청,충청_석성,127.00822827986636,36.22090765446556,70.23645651713014,148.7588289053228
wda_40005003_012,충청도 / 공주목 / 진잠현,忠淸道 / 公州牧 / 鎭岑縣,5.0,충청도,진잠현,鎭岑縣,wda_40005003,공주목,153,583,1,2,92,95,1,0,0,2,0,0,0,0,0,0,0,0,0,0,0,0,0,0,0,0,0,0,92,0,0,0,,鎭岑,충청,충청_진잠,127.31216208669836,36.27892317047896,118.97580206766725,145.4830101954483
wda_40005003_013,충청도 / 공주목 / 부여현,忠淸道 / 公州牧 / 扶餘縣,5.0,충청도,부여현,扶餘縣,wda_40005003,공주목,382,1337,17,29,228,274,17,0,0,0,29,0,0,0,0,0,0,0,0,0,0,0,0,0,0,0,0,0,228,0,0,0,,扶餘,충청,충청_부여,126.88705165928808,36.30197740883002,186.1205171123147,140.00258963920828
wda_40005003_014,충청도 / 공주목 / 이산현,忠淸道 / 公州牧 / 尼山縣,5.0,충청도,이산현,尼山縣,wda_40005003,공주목,384,1591,28,19,190,237,28,0,0,0,19,0,0,0,0,0,0,0,0,0,0,0,0,0,0,0,0,0,190,0,0,0,,尼山,충청,충청_이산,127.11574091109348,36.27401688758817,122.3705630004406,143.4051250825162
wda_40005004,충청도 / 홍주목,忠淸道 / 洪州牧,4.0,충청도,홍주목,洪州牧,wda_40005004,홍주목,1379,6031,57,178,400,635,57,0,0,0,0,0,0,0,0,0,0,0,0,0,0,0,0,178,0,0,0,0,400,0,0,0,,洪州,충청,충청_홍주,126.64785762881344,36.59583114860278,577.5698462203145,111.2955494267242
wda_40005004_001,충청도 / 홍주목 / 태안군,忠淸道 / 洪州牧 / 泰安郡,5.0,충청도,태안군,泰安郡,wda_40005004,홍주목,173,547,0,22,13,35,0,0,0,0,0,0,0,0,0,0,0,0,0,0,0,0,0,22,0,0,0,0,13,0,0,0,,泰安,충청,충청_태안,126.25214444860784,36.76813556938863,327.15569054707885,109.74893846444928
wda_40005004_002,충청도 / 홍주목 / 서산군,忠淸道 / 洪州牧 / 瑞山郡,5.0,충청도,서산군,瑞山郡,wda_40005004,홍주목,489,1887,12,53,209,274,12,0,0,0,0,0,0,0,0,0,0,0,0,0,0,0,0,53,0,0,0,0,209,0,0,0,,瑞山,충청,충청_서산,126.42599707836834,36.76899680350066,477.391897842288,101.1384021790223
wda_40005004_003,충청도 / 홍주목 / 면천군,忠淸道 / 洪州牧 / 沔川郡,5.0,충청도,면천군,沔川郡,wda_40005004,홍주목,405,3155,11,28,195,234,11,0,0,0,0,0,0,0,0,0,0,0,0,0,0,0,0,28,0,0,0,0,195,0,0,0,,沔川,충청,충청_면천,126.70921120015106,36.874374389247016,205.037140250206,80.18839792077632
wda_40005004_004,충청도 / 홍주목 / 해미현,忠淸道 / 洪州牧 / 海美縣,5.0,충청도,해미현,海美縣,wda_40005004,홍주목,258,855,5,3,79,87,5,0,0,0,0,0,0,0,0,0,0,0,0,0,0,0,0,3,0,0,0,0,79,0,0,0,,海美,충청,충청_해미,126.56155060888968,36.80808211889623,206.39343940094116,91.77881341317178
wda_40005004_005,충청도 / 홍주목 / 당진현,忠淸道 / 洪州牧 / 唐津縣,5.0,충청도,당진현,唐津縣,wda_40005004,홍주목,284,1489,2,8,120,130,2,0,0,0,0,0,0,0,0,0,0,0,0,0,0,0,0,8,0,0,0,0,120,0,0,0,,唐津,충청,충청_당진,126.59064925026914,36.93645159002327,141.93795677274466,77.82323047360038
wda_40005004_006,충청도 / 홍주목 / 덕산현,忠淸道 / 洪州牧 / 德山縣,5.0,충청도,덕산현,德山縣,wda_40005004,홍주목,649,3214,20,230,87,337,20,0,0,0,0,0,0,0,0,0,0,0,0,0,0,0,0,230,0,0,0,0,87,0,0,0,,德山,충청,충청_덕산,126.6902045080882,36.7195641999052,202.1537667028606,97.0923352435926
wda_40005004_007,충청도 / 홍주목 / 예산현,忠淸道 / 洪州牧 / 禮山縣,5.0,충청도,예산현,禮山縣,wda_40005004,홍주목,321,1477,18,27,156,201,18,0,0,0,0,0,0,0,0,0,0,0,0,0,0,0,0,27,0,0,0,0,156,0,0,0,,禮山,충청,충청_예산,126.85516962153932,36.69330273365115,165.78440245240927,97.11939690775712
wda_40005004_008,충청도 / 홍주목 / 청양현,忠淸道 / 洪州牧 / 靑陽縣,5.0,충청도,청양현,靑陽縣,wda_40005004,홍주목,265,1021,13,37,0,50,13,0,0,0,0,0,0,0,0,0,0,0,0,0,0,0,0,37,0,0,0,0,0,0,0,0,,靑陽,충청,충청_청양,126.82495862970634,36.4610310963662,217.78978203237057,122.94571434001584
wda_40005004_009,충청도 / 홍주목 / 보령현,忠淸道 / 洪州牧 / 保寧縣,5.0,충청도,보령현,保寧縣,wda_40005004,홍주목,365,1213,12,100,0,112,12,0,0,0,0,0,0,0,0,0,0,0,0,0,0,0,0,100,0,0,0,0,0,0,0,0,,保寧,충청,충청_보령,126.60249279453842,36.39998063716208,217.17953768372536,133.26999887771456
wda_40005004_010,충청도 / 홍주목 / 결성현,忠淸道 / 洪州牧 / 結城縣,5.0,충청도,결성현,結城縣,wda_40005004,홍주목,304,1698,7,14,84,105,7,0,0,0,0,0,0,0,0,0,0,0,0,0,0,0,0,14,0,0,0,0,84,0,0,0,,結城,충청,충청_결성,126.5684684817848,36.550583222667136,155.78874139487743,118.15318591785363
wda_40005004_011,충청도 / 홍주목 / 대흥현,忠淸道 / 洪州牧 / 大興縣,5.0,충청도,대흥현,大興縣,wda_40005004,홍주목,388,1518,11,89,100,200,11,0,0,0,0,0,0,0,0,0,0,0,0,0,0,0,0,89,0,0,0,0,100,0,0,0,,大興,충청,충청_대흥,126.82521518250442,36.60283992637542,182.78025979176164,107.37415548009362
wda_40010001,평안도 / 평양부,平安道 / 平壤府,4.0,평안도,평양부,平壤府,wda_40010001,평양부,8125,14440,736,3096,437,4269,736,0,0,145,0,0,0,0,0,0,0,0,0,0,0,0,2951,0,0,0,0,0,437,0,0,0,,平壤,평안,평안_평양,125.68105421299306,39.06889952059727,1469.944871276617,203.0717971444249
wda_40010001_001,평안도 / 평양부 / 중화군,平安道 / 平壤府 / 中和郡,5.0,평안도,중화군,中和郡,wda_40010001,평양부,1503,2710,226,481,140,847,226,0,0,3,0,0,0,0,0,0,0,0,0,0,0,0,478,0,0,0,0,0,140,0,0,0,,中和,평안,평안_중화,125.78675766515,38.85098813823411,463.35157841071486,177.985504181359
wda_40010001_002,평안도 / 평양부 / 상원군,平安道 / 平壤府 / 祥原郡,5.0,평안도,상원군,祥原郡,wda_40010001,평양부,703,1899,183,306,0,489,183,0,0,3,0,0,0,0,0,0,0,0,0,0,0,0,303,0,0,0,0,0,0,0,0,0,,祥原,평안,평안_상원,126.07210827499222,38.84765663335967,473.86266616359353,163.47871777718225
wda_40010001_003,평안도 / 평양부 / 삼등현,平安道 / 平壤府 / 三登縣,5.0,평안도,삼등현,三登縣,wda_40010001,평양부,375,742,72,120,24,216,72,0,0,1,0,0,0,0,0,0,0,0,0,0,0,0,119,0,0,0,0,0,24,0,0,0,,三登,평안,평안_삼등,126.1653373862405,39.046998432931936,256.22953574359417,179.3339096133163
wda_40010001_004,평안도 / 평양부 / 강동현,平安道 / 平壤府 / 江東縣,5.0,평안도,강동현,江東縣,wda_40010001,평양부,894,1823,110,345,67,522,110,0,0,3,0,0,0,0,0,0,0,0,0,0,0,0,342,0,0,0,0,0,67,0,0,0,,江東,평안,평안_강동,126.00247433302924,39.12277314374924,418.7559583708644,193.2213822465576
wda_40010001_005,평안도 / 평양부 / 순안현,平安道 / 平壤府 / 順安縣,5.0,평안도,순안현,順安縣,wda_40010001,평양부,664,1751,100,415,91,606,100,0,0,2,0,0,0,0,0,0,0,0,0,0,0,0,413,0,0,0,0,0,91,0,0,0,,順安,평안,평안_순안,125.681512321955,39.270693923141216,344.17957927659154,221.68107130699764
wda_40010001_006,평안도 / 평양부 / 증산현,平安道 / 平壤府 / 甑山縣,5.0,평안도,증산현,甑山縣,wda_40010001,평양부,301,835,32,152,60,244,32,0,0,1,0,0,0,0,0,0,0,0,0,0,0,0,151,0,0,0,0,0,60,0,0,0,,甑山,평안,평안_증산,125.34973021714278,39.10812885941582,108.81482445821166,224.8426258036467
wda_40010001_007,평안도 / 평양부 / 함종현,平安道 / 平壤府 / 咸從縣,5.0,평안도,함종현,咸從縣,wda_40010001,평양부,807,1539,103,277,99,479,103,0,0,6,0,0,0,0,0,0,0,0,0,0,0,0,271,0,0,0,0,0,99,0,0,0,,咸從,평안,평안_함종,125.3043818959266,38.9905641774025,176.7406085766852,217.9531142588715
wda_40010001_008,평안도 / 평양부 / 삼화현,平安道 / 平壤府 / 三和縣,5.0,평안도,삼화현,三和縣,wda_40010001,평양부,410,3105,57,242,77,376,57,0,0,5,0,0,0,0,0,0,0,0,0,0,0,0,237,0,0,0,0,0,77,0,0,0,,三和,평안,평안_삼화,125.28310033465624,38.79130856957588,257.3431065529585,204.0318094920229
wda_40010001_009,평안도 / 평양부 / 강서현,平安道 / 平壤府 / 江西縣,5.0,평안도,강서현,江西縣,wda_40010001,평양부,986,1699,116,342,126,584,116,0,0,9,0,0,0,0,0,0,0,0,0,0,0,0,333,0,0,0,0,0,126,0,0,0,,江西,평안,평안_강서,125.45778372253692,38.93634386542022,280.31147319823503,204.15540945557967
wda_40010001_010,평안도 / 평양부 / 용강현,平安道 / 平壤府 / 龍岡縣,5.0,평안도,용강현,龍岡縣,wda_40010001,평양부,1724,2643,211,445,178,834,211,0,0,31,0,0,0,0,0,0,0,0,0,0,0,0,414,0,0,0,0,0,178,0,0,0,,龍岡,평안,평안_용강,125.407257348841,38.83008603270846,390.09708572924137,198.8032425076646
wda_40010002,평안도 / 안주목,平安道 / 安州牧,4.0,평안도,안주목,安州牧,wda_40010002,안주목,2690,8567,150,538,194,882,150,0,0,61,0,0,0,0,0,0,0,0,0,0,0,0,477,0,0,0,0,0,194,0,0,0,,安州,평안,평안_안주,125.64451150867536,39.543538732284325,673.5636866390705,249.4292926358289
wda_40010002_001,평안도 / 안주목 / 성천도호부,平安道 / 安州牧 / 成川都護府,5.0,평안도,성천도호부,成川都護府,wda_40010002,안주목,1068,2999,187,413,155,755,187,0,0,21,0,0,0,0,0,0,0,0,0,0,0,0,392,0,0,0,0,0,155,0,0,0,,成川,평안,평안_성천,126.3066158503395,39.19122719455959,1481.2052611671388,189.57852403221148
wda_40010002_002,평안도 / 안주목 / 숙천도호부,平安道 / 安州牧 / 肅川都護府,5.0,평안도,숙천도호부,肅川都護府,wda_40010002,안주목,1318,1855,122,307,139,568,122,0,0,32,0,0,0,0,0,0,0,0,0,0,0,0,275,0,0,0,0,0,139,0,0,0,,肅川,평안,평안_숙천,125.58874516256652,39.41302739125604,310.5556121431291,239.4633205419541
wda_40010002_003,평안도 / 안주목 / 자산군,平安道 / 安州牧 / 慈山郡,5.0,평안도,자산군,慈山郡,wda_40010002,안주목,591,1181,72,174,71,317,72,0,0,11,0,0,0,0,0,0,0,0,0,0,0,0,163,0,0,0,0,0,71,0,0,0,,慈山,평안,평안_자산,125.8783547240724,39.31874452160219,338.4598927162588,217.60375581404872
wda_40010002_004,평안도 / 안주목 / 순천군,平安道 / 安州牧 / 順川郡,5.0,평안도,순천군,順川郡,wda_40010002,안주목,602,1741,116,324,105,545,116,0,0,17,0,0,0,0,0,0,0,0,0,0,0,0,307,0,0,0,0,0,105,0,0,0,,順川,평안,평안_순천,126.24732893585016,39.522526755646695,950.4752076752484,226.10120472492065
wda_40010002_005,평안도 / 안주목 / 개천군,平安道 / 安州牧 / 价川郡,5.0,평안도,개천군,价川郡,wda_40010002,안주목,1200,5439,0,565,148,713,0,0,0,30,0,0,0,0,0,0,0,0,0,0,0,0,535,0,0,0,0,0,148,0,0,0,,价川,평안,평안_개천,125.96133215195822,39.65408951894039,812.3545033968985,248.34727302267308
wda_40010002_006,평안도 / 안주목 / 덕천군,平安道 / 安州牧 / 德川郡,5.0,평안도,덕천군,德川郡,wda_40010002,안주목,881,3716,0,458,97,555,0,0,0,21,0,0,0,0,0,0,0,0,0,0,0,0,437,0,0,0,0,0,97,0,0,0,,德川,평안,평안_덕천,126.33337190688827,39.8016130322244,842.665051843971,253.90572081534432
wda_40010002_007,평안도 / 안주목 / 영유현,平安道 / 安州牧 / 永柔縣,5.0,평안도,영유현,永柔縣,wda_40010002,안주목,816,2171,156,381,171,708,156,0,0,19,0,0,0,0,0,0,0,0,0,0,0,0,362,0,0,0,0,0,171,0,0,0,,永柔,평안,평안_영유,125.51971179257572,39.29606150662253,259.4161606878042,231.992150676491
wda_40010002_008,평안도 / 안주목 / 맹산현,平安道 / 安州牧 / 孟山縣,5.0,평안도,맹산현,孟山縣,wda_40010002,안주목,354,907,56,106,45,207,56,0,0,0,0,0,0,0,0,0,0,0,0,0,0,0,106,0,0,0,0,0,45,0,0,0,,孟山,평안,평안_맹산,126.59065061899128,39.66429048959945,722.3284917920828,234.6108628445099
wda_40010002_009,평안도 / 안주목 / 은산현,平安道 / 安州牧 / 殷山縣,5.0,평안도,은산현,殷山縣,wda_40010002,안주목,612,1200,76,157,77,310,76,0,0,12,0,0,0,0,0,0,0,0,0,0,0,0,145,0,0,0,0,0,77,0,0,0,,殷山,평안,평안_은산,126.04493746024151,39.451607978795614,453.3244896605611,224.76225627152337
wda_40010002_010,평안도 / 안주목 / 양덕현,平安道 / 安州牧 / 陽德縣,5.0,평안도,양덕현,陽德縣,wda_40010002,안주목,325,952,64,209,37,310,64,0,0,18,0,0,0,0,0,0,0,0,0,0,0,0,191,0,0,0,0,0,37,0,0,0,,陽德,평안,평안_양덕,126.69130643273613,39.277828212081786,1550.6650254875422,191.02440517155003
wda_40010003,평안도 / 의주목,平安道 / 義州牧,4.0,평안도,의주목,義州牧,wda_40010003,의주목,531,1498,0,357,0,357,0,0,0,21,0,0,0,0,0,0,0,0,0,0,0,0,336,0,0,0,0,0,0,0,0,0,,義州,평안,평안_의주,124.70415190973095,40.22412827305199,1119.0709194503725,358.1728381914789
wda_40010003_001,평안도 / 의주목 / 정주목,平安道 / 義州牧 / 定州牧,5.0,평안도,정주목,定州牧,wda_40010003,의주목,1033,5466,0,422,131,553,0,0,0,20,0,0,0,0,0,0,0,0,0,0,0,0,402,0,0,0,0,0,131,0,0,0,,定州,평안,평안_정주,125.16863824586234,39.8994554183828,1777.1338863447309,305.1190790612572
wda_40010003_002,평안도 / 의주목 / 인산군,平安道 / 義州牧 / 麟山郡,5.0,평안도,인산군,麟山郡,wda_40010003,의주목,138,323,0,46,8,54,0,0,0,3,0,0,0,0,0,0,0,0,0,0,0,0,43,0,0,0,0,0,8,0,0,0,,麟山,평안,평안_인산,124.47921802896671,40.03901431079238,111.81820033863188,354.0873501714321
wda_40010003_003,평안도 / 의주목 / 용천군,平安道 / 義州牧 / 龍川郡,5.0,평안도,용천군,龍川郡,wda_40010003,의주목,379,1132,0,112,45,157,0,0,0,27,0,0,0,0,0,0,0,0,0,0,0,0,85,0,0,0,0,0,45,0,0,0,,龍川,평안,평안_용천,124.49604581299351,39.92582740880243,351.8784980997443,343.52611508638745
wda_40010003_004,평안도 / 의주목 / 철산군,平安道 / 義州牧 / 鐵山郡,5.0,평안도,철산군,鐵山郡,wda_40010003,의주목,234,659,0,126,50,176,0,0,0,30,0,0,0,0,0,0,0,0,0,0,0,0,96,0,0,0,0,0,50,0,0,0,,鐵山,평안,평안_철산,124.66356352584144,39.75976782531598,477.3516236394644,319.76663067974374
wda_40010003_005,평안도 / 의주목 / 곽산군,平安道 / 義州牧 / 郭山郡,5.0,평안도,곽산군,郭山郡,wda_40010003,의주목,302,2481,0,158,47,205,0,0,0,21,0,0,0,0,0,0,0,0,0,0,0,0,137,0,0,0,0,0,47,0,0,0,,郭山,평안,평안_곽산,125.06648484038476,39.72129159025004,273.77773044630885,293.9402711871354
wda_40010003_006,평안도 / 의주목 / 수천군,平安道 / 義州牧 / 隨川郡,5.0,평안도,수천군,隨川郡,wda_40010003,의주목,527,3108,0,221,51,272,0,0,0,16,0,0,0,0,0,0,0,0,0,0,0,0,205,0,0,0,0,0,51,0,0,0,,隨川,평안,평안_수천,125.19270720658056,39.66407586360035,111.03740268200636,282.2106059326384
wda_40010003_007,평안도 / 의주목 / 선천군,平安道 / 義州牧 / 宣川郡,5.0,평안도,선천군,宣川郡,wda_40010003,의주목,528,4417,0,234,75,309,0,0,0,20,0,0,0,0,0,0,0,0,0,0,0,0,214,0,0,0,0,0,75,0,0,0,,宣川,평안,평안_선천,124.87505563794616,39.8043546526591,704.0182948969305,311.5972928811532
wda_40010003_008,평안도 / 의주목 / 가산군,平安道 / 義州牧 / 嘉山郡,5.0,평안도,가산군,嘉山郡,wda_40010003,의주목,473,1756,0,187,80,267,0,0,0,0,0,0,0,0,0,0,0,0,0,0,0,0,187,0,0,0,0,0,80,0,0,0,,嘉山,평안,평안_가산,125.45539483704624,39.716074428045445,323.5773286893964,274.4086733469441
wda_40010003_009,평안도 / 의주목 / 정녕현,平安道 / 義州牧 / 定寧縣,5.0,평안도,정녕현,定寧縣,wda_40010003,의주목,297,839,0,145,31,176,0,0,0,9,0,0,0,0,0,0,0,0,0,0,0,0,136,0,0,0,0,0,31,0,0,0,,定寧,평안,평안_정녕,124.78038112573977,40.09321220802324,672.9615259282291,342.3805602944712
wda_40010004,평안도 / 삭주도호부,平安道 / 朔州都護府,4.0,평안도,삭주도호부,朔州都護府,wda_40010004,삭주도호부,222,394,0,233,20,253,0,0,0,30,0,0,0,0,0,0,0,0,0,0,0,0,203,0,0,0,0,0,20,0,0,0,,朔州,평안,평안_삭주,125.19280365410592,40.24091479324834,1217.6398893669248,336.60497364732066
wda_40010004_001,평안도 / 삭주도호부 / 영변대도호부,平安道 / 朔州都護府 / 寧邊大都護府,5.0,평안도,영변대도호부,寧邊大都護府,wda_40010004,삭주도호부,1121,2906,50,556,208,814,50,0,0,24,0,0,0,0,0,0,0,0,0,0,0,0,532,0,0,0,0,0,208,0,0,0,,寧邊,평안,평안_영변,125.97116712201972,39.91321218337016,1795.3472924418747,274.894525984371
wda_40010004_002,평안도 / 삭주도호부 / 창성군,平安道 / 朔州都護府 / 昌城郡,5.0,평안도,창성군,昌城郡,wda_40010004,삭주도호부,335,2200,0,178,0,178,0,0,0,18,0,0,0,0,0,0,0,0,0,0,0,0,160,0,0,0,0,0,0,0,0,0,,昌城,평안,평안_창성,125.38012995337232,40.33262471201597,1392.3425923250616,338.03470217169166
wda_40010004_003,평안도 / 삭주도호부 / 벽동군,平安道 / 朔州都護府 / 碧潼郡,5.0,평안도,벽동군,碧潼郡,wda_40010004,삭주도호부,416,2726,0,360,0,360,0,0,0,10,0,0,0,0,0,0,0,0,0,0,0,0,350,0,0,0,0,0,0,0,0,0,,碧潼,평안,평안_벽동,125.52351693825794,40.54712685474186,1288.919376552105,354.6748021381096
wda_40010004_004,평안도 / 삭주도호부 / 운산군,平安道 / 朔州都護府 / 雲山郡,5.0,평안도,운산군,雲山郡,wda_40010004,삭주도호부,225,2763,0,150,55,205,0,0,0,4,0,0,0,0,0,0,0,0,0,0,0,0,146,0,0,0,0,0,55,0,0,0,,雲山,평안,평안_운산,125.76824452564992,40.101286742640205,945.3752872273326,300.73122830939803
wda_40010004_005,평안도 / 삭주도호부 / 박천군,平安道 / 朔州都護府 / 博川郡,5.0,평안도,박천군,博川郡,wda_40010004,삭주도호부,599,1035,15,158,80,253,15,0,0,10,0,0,0,0,0,0,0,0,0,0,0,0,148,0,0,0,0,0,80,0,0,0,,博川,평안,평안_박천,125.60455219305852,39.70533833402067,218.1225805915892,266.9005409245303
wda_40010004_006,평안도 / 삭주도호부 / 태천군,平安道 / 朔州都護府 / 泰川郡,5.0,평안도,태천군,泰川郡,wda_40010004,삭주도호부,278,615,0,145,69,214,0,0,0,4,0,0,0,0,0,0,0,0,0,0,0,0,141,0,0,0,0,0,69,0,0,0,,泰川,평안,평안_태천,125.50327308818846,39.922507249136274,647.7890031673014,292.42338825008574
wda_40010005,평안도 / 강계도호부,平安道 / 江界都護府,4.0,평안도,강계도호부,江界都護府,wda_40010005,강계도호부,604,4248,0,466,0,466,0,0,0,30,0,0,0,0,0,0,0,0,0,0,0,0,436,0,0,0,0,0,0,0,0,0,,江界,평안,평안_강계,126.5840265504052,40.80619758669726,5739.431961849332,360.02533313480444
wda_40010005_001,평안도 / 강계도호부 / 이산군,平安道 / 江界都護府 / 理山郡,5.0,평안도,이산군,理山郡,wda_40010005,강계도호부,577,1686,0,512,0,512,0,0,0,20,0,0,0,0,0,0,0,0,0,0,0,0,492,0,0,0,0,0,0,0,0,0,,理山,평안,평안_이산,125.89180280621808,40.53201775652398,2407.101417429745,342.2168057588946
wda_40010005_002,평안도 / 강계도호부 / 희천군,平安道 / 江界都護府 / 熙川郡,5.0,평안도,희천군,熙川郡,wda_40010005,강계도호부,319,1060,0,232,0,232,0,0,0,0,0,0,0,0,0,0,0,0,0,0,0,0,232,0,0,0,0,0,0,0,0,0,,熙川,평안,평안_희천,126.6152179495977,40.14117342040734,4849.326554857194,286.6052509957792
wda_40010005_003,평안도 / 강계도호부 / 여연군,平安道 / 江界都護府 / 閭延郡,5.0,평안도,여연군,閭延郡,wda_40010005,강계도호부,262,1573,0,172,0,172,0,0,0,21,0,0,0,0,0,0,0,0,0,0,0,0,151,0,0,0,0,0,0,0,0,0,,閭延,평안,평안_여연,126.94767189534844,41.67643360898981,326.9612017571926,454.5147604735313
wda_40010005_004,평안도 / 강계도호부 / 자성군,平安道 / 江界都護府 / 慈城郡,5.0,평안도,자성군,慈城郡,wda_40010005,강계도호부,405,2576,0,371,0,371,0,0,0,88,0,0,0,0,0,0,0,0,0,0,0,0,283,0,0,0,0,0,0,0,0,0,,慈城,평안,평안_자성,126.72258308238736,41.42302050034447,1320.0351965762677,427.1012280535358
wda_40010005_005,평안도 / 강계도호부 / 무창군,平安道 / 江界都護府 / 茂昌郡,5.0,평안도,무창군,茂昌郡,wda_40010005,강계도호부,127,291,0,127,0,127,0,0,0,0,0,0,0,0,0,0,0,0,0,0,0,0,127,0,0,0,0,0,0,0,0,0,,茂昌,평안,평안_무창,127.13518565346872,41.31823853663899,2565.4926935583358,415.1445327335725
wda_40010005_006,평안도 / 강계도호부 / 우예군,平安道 / 江界都護府 / 虞芮郡,5.0,평안도,우예군,虞芮郡,wda_40010005,강계도호부,77,331,0,77,0,77,0,0,0,0,0,0,0,0,0,0,0,0,0,0,0,0,77,0,0,0,0,0,0,0,0,0,,虞芮,평안,평안_우예,126.79117165971284,41.64132351328945,327.7529742382467,450.935486063649
wda_40010005_007,평안도 / 강계도호부 / 위원군,平安道 / 江界都護府 / 渭原郡,5.0,평안도,위원군,渭原郡,wda_40010005,강계도호부,217,1544,0,579,0,579,0,0,0,4,0,0,0,0,0,0,0,0,0,0,0,0,575,0,0,0,0,0,0,0,0,0,,渭原,평안,평안_위원,126.16730829918151,40.79845103162771,1309.254164159298,364.78771998771344
wda_40011001,함길도 / 함흥부,咸吉道 / 咸興府,4.0,함길도,함흥부,咸興府,wda_40011001,함흥부,3538,8913,0,736,150,886,0,0,0,76,0,0,0,0,0,0,660,0,0,0,0,0,0,0,0,0,0,0,150,0,0,0,,咸興,함경,함경_함흥,127.63886560152854,40.11497125995053,3970.581955958158,288.0840903830257
wda_40011001_001,함길도 / 함흥부 / 정평도호부,咸吉道 / 咸興府 / 定平都護府,5.0,함길도,정평도호부,定平都護府,wda_40011001,함흥부,811,3819,0,326,120,446,0,0,0,28,0,0,0,0,0,0,298,0,0,0,0,0,0,0,0,0,0,0,120,0,0,0,,定平,함경,함경_정평,127.24716978305813,39.857966507354746,979.059908375144,254.59722838047853
wda_40011001_002,함길도 / 함흥부 / 북청도호부,咸吉道 / 咸興府 / 北靑都護府,5.0,함길도,북청도호부,北靑都護府,wda_40011001,함흥부,1539,4459,0,542,67,609,0,0,0,33,0,0,0,0,0,0,509,0,0,0,0,0,0,0,0,0,0,0,67,0,0,0,,北靑,함경,함경_북청,128.19293277981365,40.43192089668181,3916.74629034102,335.2834476631014
wda_40011002,함길도 / 영흥대도호부,咸吉道 / 永興大都護府,4.0,함길도,영흥대도호부,永興大都護府,wda_40011002,영흥대도호부,2191,8524,0,704,121,825,0,0,0,64,0,0,0,0,0,0,640,0,0,0,0,0,0,0,0,0,0,0,121,0,0,0,,永興,함경,함경_영흥,127.02693131551165,39.60040801552047,2549.1182314269245,224.99757296149204
wda_40011002_001,함길도 / 영흥대도호부 / 고원군,咸吉道 / 永興大都護府 / 高原郡,5.0,함길도,고원군,高原郡,wda_40011002,영흥대도호부,635,1178,0,186,81,267,0,0,0,10,0,0,0,0,0,0,176,0,0,0,0,0,0,0,0,0,0,0,81,0,0,0,,高原,함경,함경_고원,127.042082377803,39.396786307551416,742.3182633779943,202.5222005191937
wda_40011002_002,함길도 / 영흥대도호부 / 문천군,咸吉道 / 永興大都護府 / 文川郡,5.0,함길도,문천군,文川郡,wda_40011002,영흥대도호부,450,953,0,83,62,145,0,0,0,9,0,0,0,0,0,0,74,0,0,0,0,0,0,0,0,0,0,0,62,0,0,0,,文川,함경,함경_문천,127.18260093974185,39.27587858714664,529.5896839313209,189.97265109921983
wda_40011002_003,함길도 / 영흥대도호부 / 예원군,咸吉道 / 永興大都護府 / 預原郡,5.0,함길도,예원군,預原郡,wda_40011002,영흥대도호부,494,2698,0,80,80,160,0,0,0,9,0,0,0,0,0,0,71,0,0,0,0,0,0,0,0,0,0,0,80,0,0,0,,預原,함경,함경_예원,127.4157901901741,39.63555442427811,212.6245465874672,232.22589789913212
wda_40011003,함길도 / 안변도호부,咸吉道 / 安邊都護府,4.0,함길도,안변도호부,安邊都護府,wda_40011003,안변도호부,1030,3997,0,308,150,458,0,0,0,49,0,0,0,0,0,0,259,0,0,0,0,0,0,0,0,0,0,0,150,0,0,0,,安邊,함경,함경_안변,127.33297751038822,38.977188252195965,1697.1052303686738,159.30004733760103
wda_40011003_001,함길도 / 안변도호부 / 의천군,咸吉道 / 安邊都護府 / 宜川郡,5.0,함길도,의천군,宜川郡,wda_40011003,안변도호부,303,850,0,75,80,155,0,0,0,5,0,0,0,0,0,0,70,0,0,0,0,0,0,0,0,0,0,0,80,0,0,0,,宜川,함경,함경_덕원,127.35509176768493,39.14928201042485,243.42802685126665,178.3505104710265
wda_40011003_002,함길도 / 안변도호부 / 용진현,咸吉道 / 安邊都護府 / 龍津縣,5.0,함길도,용진현,龍津縣,wda_40011003,안변도호부,187,882,0,52,58,110,0,0,0,21,0,0,0,0,0,0,31,0,0,0,0,0,0,0,0,0,0,0,58,0,0,0,,龍津,함경,함경_용진,127.36460882185423,39.32041837708445,175.7588952705264,197.10878271195213
wda_40011004,함길도 / 길주목,咸吉道 / 吉州牧,4.0,함길도,길주목,吉州牧,wda_40011004,길주목,1673,14819,0,557,0,557,0,0,0,50,0,0,0,0,0,0,507,0,0,0,0,0,0,0,0,0,0,0,0,0,0,0,,吉州,함경,함경_길주,129.26894562769323,41.0048254022092,4085.658229105175,432.6568753779835
wda_40011004_002,함길도 / 길주목 / 단천군,咸吉道 / 吉州牧 / 端川郡,5.0,함길도,단천군,端川郡,wda_40011004,길주목,832,2731,0,344,0,344,0,0,0,24,0,0,0,0,0,0,320,0,0,0,0,0,0,0,0,0,0,0,0,0,0,0,,端川,함경,함경_단천,128.71576765719078,40.72100217741885,4459.518076978624,382.3944531533036
wda_40011004_003,함길도 / 길주목 / 갑산군,咸吉道 / 吉州牧 / 甲山郡,5.0,함길도,갑산군,甲山郡,wda_40011004,길주목,356,891,0,266,0,266,0,0,0,9,0,0,0,0,0,0,257,0,0,0,0,0,0,0,0,0,0,0,0,0,0,0,,甲山,함경,함경_갑산,128.24604285291434,41.20112273216293,6235.4090718925,417.8827458543551
wda_40011004_004,함길도 / 길주목 / 경성군,咸吉道 / 吉州牧 / 鏡城郡,5.0,함길도,경성군,鏡城郡,wda_40011004,길주목,409,9031,0,370,0,370,0,0,0,71,0,0,0,0,0,0,299,0,0,0,0,0,0,0,0,0,0,0,0,0,0,0,,鏡城,함경,함경_경성,129.20549461692335,41.776639614856855,12262.882453810424,507.0020459553662
wda_40011005,함길도 / 경원도호부,咸吉道 / 慶源都護府,4.0,함길도,경원도호부,慶源都護府,wda_40011005,경원도호부,1162,5271,0,762,0,762,0,0,0,0,0,0,0,0,0,0,0,0,629,0,0,133,0,0,0,0,0,0,0,0,0,0,,慶源,함경,함경_경원,130.208147607662,42.651626168282085,912.4303385652602,633.1689916003339
wda_40011006,함길도 / 회령도호부,咸吉道 / 會寧都護府,4.0,함길도,회령도호부,會寧都護府,wda_40011006,회령도호부,624,2157,0,720,0,720,0,0,0,0,0,0,0,0,0,0,0,0,695,0,0,25,0,0,0,0,0,0,0,0,0,0,,會寧,함경,함경_회령,129.82967664282202,42.32245744288474,1611.8635286949575,585.3348677903964
wda_40011007,함길도 / 종성도호부,咸吉道 / 鍾城都護府,4.0,함길도,종성도호부,鍾城都護府,wda_40011007,종성도호부,900,21815,0,736,0,736,0,0,0,0,0,0,0,0,0,0,0,0,724,0,0,12,0,0,0,0,0,0,0,0,0,0,,鍾城,함경,함경_종성,130.01027624208766,42.51913039592355,1443.5934107862413,612.0349256016489
wda_40011008,함길도 / 온성도호부,咸吉道 / 穩城都護府,4.0,함길도,온성도호부,穩城都護府,wda_40011008,온성도호부,800,3637,0,711,0,711,0,0,0,0,0,0,0,0,0,0,0,0,686,0,0,25,0,0,0,0,0,0,0,0,0,0,,穩城,함경,함경_온성,130.07210232040322,42.70603727931264,757.4013584069908,633.0285548390792
wda_40011009,함길도 / 경흥도호부,咸吉道 / 慶興都護府,4.0,함길도,경흥도호부,慶興都護府,wda_40011009,경흥도호부,402,5058,0,312,90,402,0,0,0,0,0,0,0,0,0,0,0,0,312,0,0,0,0,0,0,0,0,0,90,0,0,0,,慶興,함경,함경_경흥,130.45810991424145,42.437130088338,769.4878168180585,623.2167462064987
wda_40011010,함길도 / 부령도호부,咸吉道 / 富寧都護府,4.0,함길도,부령도호부,富寧都護府,wda_40011010,부령도호부,262,2294,0,262,0,262,0,0,0,0,0,0,0,0,0,0,0,0,245,0,0,17,0,0,0,0,0,0,0,0,262,1,부령 제외 함길도 인원 가중 구성비: 甲士 214/(甲士+正軍 3260)=0.065644,富寧,함경,함경_부령,129.09875480919706,41.88801209476648,8465.978258028626,514.6881219326768
wda_40011011,함길도 / 삼수군,咸吉道 / 三水郡,4.0,함길도,삼수군,三水郡,wda_40011011,삼수군,113,348,0,113,0,113,0,0,0,46,0,0,6,0,0,0,0,0,0,0,0,19,42,0,0,0,0,0,0,0,0,0,,三水,함경,함경_삼수,127.43781832691228,40.84548005076253,8190.024543542415,364.99233471999287
wda_40008001,황해도 / 황주목,黃海道 / 黃州牧,4.0,황해도,황주목,黃州牧,wda_40008001,황주목,2034,5291,273,101,262,636,273,0,0,0,0,0,0,0,0,0,0,0,0,0,0,0,0,101,0,0,0,0,262,0,0,0,,黃州,황해,황해_황주,125.8059884861899,38.692271325763535,899.0689483210444,163.19106954240323
wda_40008001_001,황해도 / 황주목 / 서흥도호부,黃海道 / 黃州牧 / 瑞興都護府,5.0,황해도,서흥도호부,瑞興都護府,wda_40008001,황주목,1446,4337,214,179,140,533,214,0,0,0,0,0,0,0,0,179,0,0,0,0,0,0,0,0,0,0,0,0,140,0,0,0,,瑞興,황해,황해_서흥,126.1614212110449,38.517096930800015,940.6767451949418,128.27719173999293
wda_40008001_002,황해도 / 황주목 / 봉산군,黃海道 / 黃州牧 / 鳳山郡,5.0,황해도,봉산군,鳳山郡,wda_40008001,황주목,1564,6200,237,210,188,635,237,0,0,0,0,0,0,0,0,210,0,0,0,0,0,0,0,0,0,0,0,0,188,0,0,0,,鳳山,황해,황해_봉산,125.87647896835288,38.4423910476675,883.9645694717765,138.61495997645747
wda_40008001_003,황해도 / 황주목 / 안악군,黃海道 / 黃州牧 / 安岳郡,5.0,황해도,안악군,安岳郡,wda_40008001,황주목,991,3703,30,82,319,431,30,0,0,0,0,0,0,0,0,82,0,0,0,0,0,0,0,0,0,0,0,0,319,0,0,0,,安岳,황해,황해_안악,125.4888815493784,38.57910359389237,594.3143667168915,174.67223374162887
wda_40008001_004,황해도 / 황주목 / 수안군,黃海道 / 黃州牧 / 遂安郡,5.0,황해도,수안군,遂安郡,wda_40008001,황주목,1085,3786,206,70,160,436,206,0,0,0,0,0,0,0,0,70,0,0,0,0,0,0,0,0,0,0,0,0,160,0,0,0,,遂安,황해,황해_수안,126.33855301022932,38.78161914899183,1256.0420031957328,146.19744000406516
wda_40008001_005,황해도 / 황주목 / 곡산군,黃海道 / 黃州牧 / 谷山郡,5.0,황해도,곡산군,谷山郡,wda_40008001,황주목,816,2828,155,96,119,370,155,0,0,0,0,0,0,0,0,96,0,0,0,0,0,0,0,0,0,0,0,0,119,0,0,0,,谷山,황해,황해_곡산,126.73283969890872,38.916990536142855,1916.9211008101704,150.99411987599245
wda_40008001_006,황해도 / 황주목 / 신은현,黃海道 / 黃州牧 / 新恩縣,5.0,황해도,신은현,新恩縣,wda_40008001,황주목,808,3189,136,64,110,310,136,0,0,0,0,0,0,0,0,64,0,0,0,0,0,0,0,0,0,0,0,0,110,0,0,0,,新恩,황해,황해_신계,126.5560286285314,38.54162049733988,788.4429538436234,114.3463305925079
wda_40008002,황해도 / 해주목,黃海道 / 海州牧,4.0,황해도,해주목,海州牧,wda_40008002,해주목,1926,6814,63,390,450,903,63,0,0,0,0,0,0,0,0,390,0,0,0,0,0,0,0,0,0,0,0,0,450,0,0,0,,海州,황해,황해_해주,125.59611867637656,38.05423139790641,1832.6689702160656,135.57406501966693
wda_40008002_001,황해도 / 해주목 / 재령군,黃海道 / 海州牧 / 載寧郡,5.0,황해도,재령군,載寧郡,wda_40008002,해주목,1293,3885,173,169,200,542,173,0,0,0,0,0,0,0,0,0,0,0,0,0,0,0,0,169,0,0,0,0,200,0,0,0,,載寧,황해,황해_재령,125.73608926443865,38.28884030265607,758.7750104367733,137.3965595259872
wda_40008002_002,황해도 / 해주목 / 옹진현,黃海道 / 海州牧 / 甕津縣,5.0,황해도,옹진현,甕津縣,wda_40008002,해주목,327,985,0,96,54,150,0,0,0,0,0,0,0,0,0,96,0,0,0,0,0,0,0,0,0,0,0,0,54,0,0,0,,瓮津,황해,황해_옹진,125.20274343720854,37.90633866121632,363.5836720690131,164.16084417248965
wda_40008002_003,황해도 / 해주목 / 장연현,黃海道 / 海州牧 / 長淵縣,5.0,황해도,장연현,長淵縣,wda_40008002,해주목,964,2104,10,184,209,403,10,0,0,0,0,0,0,0,0,184,0,0,0,0,0,0,0,0,0,0,0,0,209,0,0,0,,長淵,황해,황해_장연,125.0061359319115,38.17347814050287,1089.6393716596067,189.78055397467003
wda_40008002_004,황해도 / 해주목 / 강령현,黃海道 / 海州牧 / 康翎縣,5.0,황해도,강령현,康翎縣,wda_40008002,해주목,389,1068,0,65,36,101,0,0,0,0,0,0,0,0,0,0,0,0,0,0,0,0,0,65,0,0,0,0,36,0,0,0,,康翎,황해,황해_강령,125.48426282187894,37.8338524748436,383.57298151031137,137.65943428916776
wda_40008002_005,황해도 / 해주목 / 신천현,黃海道 / 海州牧 / 信川縣,5.0,황해도,신천현,信川縣,wda_40008002,해주목,936,3081,22,110,289,421,22,0,0,0,0,0,0,0,0,110,0,0,0,0,0,0,0,0,0,0,0,0,289,0,0,0,,信川,황해,황해_신천,125.53330535490372,38.33570430634412,349.7167700789869,155.39781610844616
wda_40008003,황해도 / 연안도호부,黃海道 / 延安都護府,4.0,황해도,연안도호부,延安都護府,wda_40008003,연안도호부,1583,3718,65,131,242,438,65,0,0,0,0,0,0,0,0,131,0,0,0,0,0,0,0,0,0,0,0,0,242,0,0,0,,延安,황해,황해_연안,126.13704225614153,37.903322411936976,356.4865049980581,84.34216171094157
wda_40008003_001,황해도 / 연안도호부 / 평산도호부,黃海道 / 延安都護府 / 平山都護府,5.0,황해도,평산도호부,平山都護府,wda_40008003,연안도호부,2130,6323,290,144,206,640,290,0,0,0,0,0,0,0,0,144,0,0,0,0,0,0,0,0,0,0,0,0,206,0,0,0,,平山,황해,황해_평산,126.20654363395326,38.225682619335984,1517.3779425509274,100.6745405862613
wda_40008003_002,황해도 / 연안도호부 / 배천군,黃海道 / 延安都護府 / 白川郡,5.0,황해도,배천군,白川郡,wda_40008003,연안도호부,996,3167,73,77,174,324,73,0,0,0,0,0,0,0,0,77,0,0,0,0,0,0,0,0,0,0,0,0,174,0,0,0,,白川,황해,황해_배천,126.28162191099476,37.98999263795982,420.6110317148268,78.23004148565448
wda_40008003_003,황해도 / 연안도호부 / 우봉현,黃海道 / 延安都護府 / 牛峯縣,5.0,황해도,우봉현,牛峯縣,wda_40008003,연안도호부,778,2180,117,45,113,275,117,0,0,0,0,0,0,0,0,45,0,0,0,0,0,0,0,0,0,0,0,0,113,0,0,0,,牛峯,황해,황해_우봉,126.61807956025795,38.22073738680625,753.6366264931858,79.28540626723932
wda_40008003_004,황해도 / 연안도호부 / 토산현,黃海道 / 延安都護府 / 兎山縣,5.0,황해도,토산현,兎山縣,wda_40008003,연안도호부,376,1186,83,52,49,184,83,0,0,0,0,0,0,0,0,0,0,0,0,0,0,0,0,52,0,0,0,0,49,0,0,0,,兎山,황해,황해_토산,126.76511943597954,38.32868440725622,327.84138640388846,86.46493769784797
wda_40008003_005,황해도 / 연안도호부 / 강음현,黃海道 / 延安都護府 / 江陰縣,5.0,황해도,강음현,江陰縣,wda_40008003,연안도호부,374,964,13,12,42,67,13,0,0,0,0,0,0,0,0,12,0,0,0,0,0,0,0,0,0,0,0,0,42,0,0,0,,江陰,황해,황해_강음,126.38534406267232,38.11220794191327,222.18522661179304,80.54161602877586
wda_40008004,황해도 / 풍천군,黃海道 / 豐川郡,4.0,황해도,풍천군,豐川郡,wda_40008004,풍천군,339,992,0,74,40,114,0,0,0,0,0,0,0,7,0,67,0,0,0,0,0,0,0,0,0,0,0,0,40,0,0,0,,豊川,황해,황해_풍천,125.0054898661366,38.44488204688265,388.3822581246495,202.4094358991304
wda_40008004_001,황해도 / 풍천군 / 문화현,黃海道 / 豐川郡 / 文化縣,5.0,황해도,문화현,文化縣,wda_40008004,풍천군,950,2136,15,129,181,325,15,0,0,0,0,0,0,0,0,0,0,0,0,0,0,0,0,129,0,0,0,0,181,0,0,0,,文化,황해,황해_문화,125.33360312380589,38.41916409752902,397.0075452625752,175.512913465838
wda_40008004_002,황해도 / 풍천군 / 송화현·청송현,黃海道 / 豐川郡 / 松禾縣·靑松縣,5.0,황해도,송화현·청송현,松禾縣·靑松縣,wda_40008004,풍천군,685,1945,11,122,207,340,11,0,0,0,0,0,0,0,0,122,0,0,0,0,0,0,0,0,0,0,0,0,207,0,0,0,,松禾縣·靑松,황해,황해_송화,125.25791139702444,38.30196581255101,432.6022280901671,174.90553957880533
wda_40008004_003,황해도 / 풍천군 / 은율현,黃海道 / 豐川郡 / 殷栗縣,5.0,황해도,은율현,殷栗縣,wda_40008004,풍천군,392,1143,5,36,106,147,5,0,0,0,0,0,0,0,0,0,0,0,0,0,0,0,0,36,0,0,0,0,106,0,0,0,,殷栗,황해,황해_은율,125.17499854162054,38.50522180590667,226.6682031452656,192.67302615632065
wda_40008004_004,황해도 / 풍천군 / 장련현·장명진,黃海道 / 豐川郡 / 長連縣·長命鎭,5.0,황해도,장련현·장명진,長連縣·長命鎭,wda_40008004,풍천군,330,874,3,31,93,127,3,0,0,0,0,0,0,0,0,0,0,0,0,0,0,0,0,31,0,0,0,0,93,0,0,0,,長連縣·長命鎭,황해,황해_장련,125.24758639293488,38.599586515883566,211.01529565081,193.183715584654
